state,district,mpce_combined,mpce_rural,mpce_urban,mpce_p50,ppi_signal,survey_year,source
UTTAR PRADESH,GAUTAM BUDDHA NAGAR,17831.0,6436.0,18839.0,10309.0,100.0,2023-24,HCES 2023-24 district fractile summary (GitHub/MoSPI)
CHANDIGARH,CHANDIGARH DISTRICT,17205.0,9979.0,17441.0,11374.0,96.0,2023-24,HCES 2023-24 district fractile summary (GitHub/MoSPI)
HARYANA,GURGAON,15397.0,8321.0,15940.0,9809.0,84.4,2023-24,HCES 2023-24 district fractile summary (GitHub/MoSPI)
SIKKIM,EAST DISTRICT,14858.0,11718.0,17565.0,10668.0,80.9,2023-24,HCES 2023-24 district fractile summary (GitHub/MoSPI)
SIKKIM,NORTH DISTRICT,14690.0,12742.0,17748.0,12731.0,79.8,2023-24,HCES 2023-24 district fractile summary (GitHub/MoSPI)
HARYANA,FARIDABAD,14158.0,6245.0,15208.0,11148.0,76.4,2023-24,HCES 2023-24 district fractile summary (GitHub/MoSPI)
DELHI,SOUTH WEST,13844.0,9035.0,14263.0,7480.0,74.4,2023-24,HCES 2023-24 district fractile summary (GitHub/MoSPI)
KARNATAKA,BANGALORE,13169.0,14232.0,13034.0,9865.0,70.1,2023-24,HCES 2023-24 district fractile summary (GitHub/MoSPI)
MAHARASHTRA,MUMBAI SUBURBAN,13036.0,0,13036.0,7746.0,69.2,2023-24,HCES 2023-24 district fractile summary (GitHub/MoSPI)
SIKKIM,SOUTH DISTRICT,12876.0,11247.0,17669.0,9350.0,68.2,2023-24,HCES 2023-24 district fractile summary (GitHub/MoSPI)
DELHI,SOUTH,12758.0,4935.0,12787.0,6740.0,67.4,2023-24,HCES 2023-24 district fractile summary (GitHub/MoSPI)
KERALA,THIRUVANANTHAPURAM,12533.0,9078.0,13647.0,8218.0,66.0,2023-24,HCES 2023-24 district fractile summary (GitHub/MoSPI)
DELHI,WEST,12452.0,0,12452.0,7772.0,65.5,2023-24,HCES 2023-24 district fractile summary (GitHub/MoSPI)
TAMIL NADU,THE NILGIRIS,12392.0,0,12392.0,8995.0,65.1,2023-24,HCES 2023-24 district fractile summary (GitHub/MoSPI)
KERALA,ERNAKULAM,12353.0,12834.0,12187.0,7068.0,64.8,2023-24,HCES 2023-24 district fractile summary (GitHub/MoSPI)
ANDAMAN &NICOBAR,SOUTH ANDAMAN,11684.0,10356.0,12611.0,8830.0,60.5,2023-24,HCES 2023-24 district fractile summary (GitHub/MoSPI)
HARYANA,PANCHKULA,11671.0,0,11671.0,9169.0,60.5,2023-24,HCES 2023-24 district fractile summary (GitHub/MoSPI)
TAMIL NADU,CHENNAI,11552.0,0,11552.0,8757.0,59.7,2023-24,HCES 2023-24 district fractile summary (GitHub/MoSPI)
ARUNACHAL PRADESH,WEST SIANG,11483.0,9295.0,14340.0,8736.0,59.3,2023-24,HCES 2023-24 district fractile summary (GitHub/MoSPI)
DELHI,NORTH EAST,11382.0,8627.0,11394.0,7456.0,58.6,2023-24,HCES 2023-24 district fractile summary (GitHub/MoSPI)
TAMIL NADU,KANCHEEPURAM,11263.0,9275.0,12081.0,7973.0,57.8,2023-24,HCES 2023-24 district fractile summary (GitHub/MoSPI)
TAMIL NADU,ERODE,11228.0,9069.0,12902.0,8207.0,57.6,2023-24,HCES 2023-24 district fractile summary (GitHub/MoSPI)
SIKKIM,WEST DISTRICT,11172.0,11172.0,0,8030.0,57.3,2023-24,HCES 2023-24 district fractile summary (GitHub/MoSPI)
TAMIL NADU,COIMBATORE,10856.0,8565.0,11507.0,7624.0,55.2,2023-24,HCES 2023-24 district fractile summary (GitHub/MoSPI)
GOA,NORTH GOA,10834.0,8819.0,12054.0,8699.0,55.1,2023-24,HCES 2023-24 district fractile summary (GitHub/MoSPI)
ASSAM,KAMRUP METROPOLITAN,10690.0,4339.0,10985.0,6926.0,54.2,2023-24,HCES 2023-24 district fractile summary (GitHub/MoSPI)
ARUNACHAL PRADESH,PAPUM PARE,10492.0,8501.0,12943.0,7616.0,52.9,2023-24,HCES 2023-24 district fractile summary (GitHub/MoSPI)
DELHI,NEW DELHI,10470.0,0,10470.0,9674.0,52.8,2023-24,HCES 2023-24 district fractile summary (GitHub/MoSPI)
DELHI,NORTH WEST,10444.0,8673.0,10511.0,6794.0,52.6,2023-24,HCES 2023-24 district fractile summary (GitHub/MoSPI)
DELHI,EAST,10441.0,0,10441.0,7497.0,52.6,2023-24,HCES 2023-24 district fractile summary (GitHub/MoSPI)
ANDAMAN &NICOBAR,NICOBARS,10306.0,10306.0,0,7082.0,51.7,2023-24,HCES 2023-24 district fractile summary (GitHub/MoSPI)
KERALA,PATHANAMTHITTA,10247.0,9917.0,14246.0,8112.0,51.3,2023-24,HCES 2023-24 district fractile summary (GitHub/MoSPI)
KERALA,KOTTAYAM,10157.0,9222.0,12108.0,6668.0,50.7,2023-24,HCES 2023-24 district fractile summary (GitHub/MoSPI)
GOA,SOUTH GOA,10095.0,9372.0,10502.0,7476.0,50.3,2023-24,HCES 2023-24 district fractile summary (GitHub/MoSPI)
MAHARASHTRA,PUNE,10073.0,6815.0,11641.0,6659.0,50.2,2023-24,HCES 2023-24 district fractile summary (GitHub/MoSPI)
KERALA,THRISSUR,9966.0,9905.0,9985.0,6329.0,49.5,2023-24,HCES 2023-24 district fractile summary (GitHub/MoSPI)
ARUNACHAL PRADESH,WEST KAMENG,9951.0,7714.0,12562.0,8280.0,49.4,2023-24,HCES 2023-24 district fractile summary (GitHub/MoSPI)
KERALA,ALAPPUZHA,9806.0,8931.0,10366.0,6641.0,48.5,2023-24,HCES 2023-24 district fractile summary (GitHub/MoSPI)
HIMACHAL PRADESH,SHIMLA,9798.0,8810.0,12643.0,6965.0,48.4,2023-24,HCES 2023-24 district fractile summary (GitHub/MoSPI)
DELHI,CENTRAL,9791.0,0,9791.0,7467.0,48.4,2023-24,HCES 2023-24 district fractile summary (GitHub/MoSPI)
KERALA,IDUKKI,9710.0,8823.0,16102.0,6289.0,47.9,2023-24,HCES 2023-24 district fractile summary (GitHub/MoSPI)
PUNJAB,SAHIBZADA AJIT SINGH NAGAR,9694.0,7135.0,11781.0,7525.0,47.8,2023-24,HCES 2023-24 district fractile summary (GitHub/MoSPI)
PUDUCHERRY,PUDUCHERRY,9683.0,8152.0,10197.0,8096.0,47.7,2023-24,HCES 2023-24 district fractile summary (GitHub/MoSPI)
TAMIL NADU,TIRUPPUR,9628.0,9129.0,10102.0,7795.0,47.3,2023-24,HCES 2023-24 district fractile summary (GitHub/MoSPI)
MIZORAM,KOLASIB,9610.0,7548.0,10388.0,7832.0,47.2,2023-24,HCES 2023-24 district fractile summary (GitHub/MoSPI)
KERALA,KOLLAM,9513.0,9777.0,8961.0,7039.0,46.6,2023-24,HCES 2023-24 district fractile summary (GitHub/MoSPI)
MADHYA PRADESH,INDORE,9509.0,4546.0,10686.0,6128.0,46.6,2023-24,HCES 2023-24 district fractile summary (GitHub/MoSPI)
WEST BENGAL,KOLKATA,9497.0,0,9497.0,5811.0,46.5,2023-24,HCES 2023-24 district fractile summary (GitHub/MoSPI)
TAMIL NADU,KANNIYAKUMARI,9338.0,6343.0,9644.0,5861.0,45.5,2023-24,HCES 2023-24 district fractile summary (GitHub/MoSPI)
RAJASTHAN,JAIPUR,9235.0,6025.0,10515.0,5992.0,44.8,2023-24,HCES 2023-24 district fractile summary (GitHub/MoSPI)
TAMIL NADU,SALEM,9230.0,7927.0,10478.0,7069.0,44.8,2023-24,HCES 2023-24 district fractile summary (GitHub/MoSPI)
MIZORAM,AIZAWL,9175.0,7424.0,9899.0,7599.0,44.4,2023-24,HCES 2023-24 district fractile summary (GitHub/MoSPI)
RAJASTHAN,ALWAR,9152.0,5716.0,13479.0,6276.0,44.3,2023-24,HCES 2023-24 district fractile summary (GitHub/MoSPI)
MIZORAM,LUNGLEI,9104.0,5380.0,10627.0,7328.0,44.0,2023-24,HCES 2023-24 district fractile summary (GitHub/MoSPI)
BIHAR,MUNGER,9102.0,12159.0,6675.0,4992.0,44.0,2023-24,HCES 2023-24 district fractile summary (GitHub/MoSPI)
RAJASTHAN,KARAULI,9034.0,4702.0,38378.0,3776.0,43.5,2023-24,HCES 2023-24 district fractile summary (GitHub/MoSPI)
TAMIL NADU,MADURAI,9020.0,6304.0,9947.0,6758.0,43.4,2023-24,HCES 2023-24 district fractile summary (GitHub/MoSPI)
MIZORAM,SAIHA,8958.0,7005.0,9827.0,7027.0,43.0,2023-24,HCES 2023-24 district fractile summary (GitHub/MoSPI)
UTTARAKAND,DEHRADUN,8896.0,7287.0,9759.0,5595.0,42.6,2023-24,HCES 2023-24 district fractile summary (GitHub/MoSPI)
HIMACHAL PRADESH,HAMIRPUR,8839.0,8414.0,12997.0,6941.0,42.3,2023-24,HCES 2023-24 district fractile summary (GitHub/MoSPI)
TAMIL NADU,NAMAKKAL,8821.0,8778.0,8871.0,7542.0,42.2,2023-24,HCES 2023-24 district fractile summary (GitHub/MoSPI)
PUNJAB,KAPURTHALA,8775.0,8977.0,8212.0,6244.0,41.9,2023-24,HCES 2023-24 district fractile summary (GitHub/MoSPI)
GUJARAT,AHMADABAD,8766.0,5010.0,9255.0,6307.0,41.8,2023-24,HCES 2023-24 district fractile summary (GitHub/MoSPI)
MIZORAM,SERCHHIP,8761.0,6171.0,10727.0,6458.0,41.8,2023-24,HCES 2023-24 district fractile summary (GitHub/MoSPI)
ARUNACHAL PRADESH,UPPER SUBANSIRI,8754.0,7781.0,17890.0,5728.0,41.7,2023-24,HCES 2023-24 district fractile summary (GitHub/MoSPI)
TRIPURA,WEST TRIPURA,8703.0,7537.0,9748.0,6957.0,41.4,2023-24,HCES 2023-24 district fractile summary (GitHub/MoSPI)
ANDAMAN &NICOBAR,NORTH  & MIDDLE ANDAMAN,8693.0,7894.0,12862.0,5541.0,41.3,2023-24,HCES 2023-24 district fractile summary (GitHub/MoSPI)
HIMACHAL PRADESH,SOLAN,8666.0,6672.0,12682.0,6355.0,41.2,2023-24,HCES 2023-24 district fractile summary (GitHub/MoSPI)
ANDHRA PRADESH,VISAKHAPATNAM,8648.0,5094.0,10370.0,5298.0,41.1,2023-24,HCES 2023-24 district fractile summary (GitHub/MoSPI)
GUJARAT,SURAT,8622.0,5535.0,9090.0,6770.0,40.9,2023-24,HCES 2023-24 district fractile summary (GitHub/MoSPI)
HARYANA,BHIWANI,8611.0,7587.0,11461.0,7548.0,40.8,2023-24,HCES 2023-24 district fractile summary (GitHub/MoSPI)
TAMIL NADU,THIRUVALLUR,8610.0,6527.0,9479.0,6389.0,40.8,2023-24,HCES 2023-24 district fractile summary (GitHub/MoSPI)
PUDUCHERRY,KARAIKAL,8585.0,8824.0,8365.0,7099.0,40.7,2023-24,HCES 2023-24 district fractile summary (GitHub/MoSPI)
NAGALAND,MOKOKCHUNG,8577.0,7349.0,9474.0,7388.0,40.6,2023-24,HCES 2023-24 district fractile summary (GitHub/MoSPI)
MAHARASHTRA,RAIGARH,8560.0,5344.0,12491.0,5668.0,40.5,2023-24,HCES 2023-24 district fractile summary (GitHub/MoSPI)
KARNATAKA,DAKSHINA KANNADA,8549.0,6180.0,10167.0,6366.0,40.4,2023-24,HCES 2023-24 district fractile summary (GitHub/MoSPI)
ARUNACHAL PRADESH,TAWANG,8457.0,8457.0,0,7089.0,39.8,2023-24,HCES 2023-24 district fractile summary (GitHub/MoSPI)
PUNJAB,LUDHIANA,8397.0,6577.0,9357.0,6607.0,39.4,2023-24,HCES 2023-24 district fractile summary (GitHub/MoSPI)
GUJARAT,ANAND,8397.0,5832.0,11955.0,6997.0,39.4,2023-24,HCES 2023-24 district fractile summary (GitHub/MoSPI)
GUJARAT,KHEDA,8323.0,5191.0,10645.0,7355.0,39.0,2023-24,HCES 2023-24 district fractile summary (GitHub/MoSPI)
KARNATAKA,MYSORE,8313.0,6985.0,10091.0,7105.0,38.9,2023-24,HCES 2023-24 district fractile summary (GitHub/MoSPI)
MAHARASHTRA,NAGPUR,8309.0,5951.0,8855.0,4970.0,38.9,2023-24,HCES 2023-24 district fractile summary (GitHub/MoSPI)
HARYANA,SIRSA,8258.0,6970.0,11182.0,6338.0,38.6,2023-24,HCES 2023-24 district fractile summary (GitHub/MoSPI)
MEGHALAYA,EAST KHASI HILLS,8220.0,3998.0,10280.0,6014.0,38.3,2023-24,HCES 2023-24 district fractile summary (GitHub/MoSPI)
CHHATTISGARH,DAKSHIN BASTAR DANTEWADA,8198.0,0,8198.0,6688.0,38.2,2023-24,HCES 2023-24 district fractile summary (GitHub/MoSPI)
RAJASTHAN,TONK,8187.0,6198.0,15365.0,6672.0,38.1,2023-24,HCES 2023-24 district fractile summary (GitHub/MoSPI)
UTTARAKAND,NAINITAL,8183.0,6119.0,10811.0,6154.0,38.1,2023-24,HCES 2023-24 district fractile summary (GitHub/MoSPI)
MIZORAM,LAWNGTLAI,8173.0,7814.0,9131.0,6145.0,38.0,2023-24,HCES 2023-24 district fractile summary (GitHub/MoSPI)
ARUNACHAL PRADESH,LOWER SUBANSIRI,8154.0,8130.0,8853.0,6104.0,37.9,2023-24,HCES 2023-24 district fractile summary (GitHub/MoSPI)
GUJARAT,RAJKOT,8147.0,5892.0,9103.0,6617.0,37.8,2023-24,HCES 2023-24 district fractile summary (GitHub/MoSPI)
ARUNACHAL PRADESH,LOWER DIBANG VALLEY,8146.0,5715.0,10944.0,6957.0,37.8,2023-24,HCES 2023-24 district fractile summary (GitHub/MoSPI)
KERALA,KOZHIKODE,8146.0,6996.0,8556.0,5596.0,37.8,2023-24,HCES 2023-24 district fractile summary (GitHub/MoSPI)
TAMIL NADU,THENI,8131.0,8166.0,8080.0,6279.0,37.7,2023-24,HCES 2023-24 district fractile summary (GitHub/MoSPI)
HIMACHAL PRADESH,UNA,8119.0,7813.0,10196.0,6786.0,37.7,2023-24,HCES 2023-24 district fractile summary (GitHub/MoSPI)
KARNATAKA,BELLARY,8116.0,4873.0,13734.0,4668.0,37.6,2023-24,HCES 2023-24 district fractile summary (GitHub/MoSPI)
UTTARAKAND,HARIDWAR,8073.0,5783.0,10472.0,5896.0,37.4,2023-24,HCES 2023-24 district fractile summary (GitHub/MoSPI)
KARNATAKA,CHIKMAGALUR,8067.0,8272.0,6365.0,5389.0,37.3,2023-24,HCES 2023-24 district fractile summary (GitHub/MoSPI)
ODISHA,JHARSUGUDA,8050.0,4590.0,9772.0,4582.0,37.2,2023-24,HCES 2023-24 district fractile summary (GitHub/MoSPI)
JAMMU AND KASHMIR,DODA,8030.0,8030.0,0,5114.0,37.1,2023-24,HCES 2023-24 district fractile summary (GitHub/MoSPI)
ODISHA,SAMBALPUR,8025.0,4970.0,10519.0,4927.0,37.1,2023-24,HCES 2023-24 district fractile summary (GitHub/MoSPI)
ANDHRA PRADESH,KRISHNA,8009.0,6612.0,9431.0,6575.0,37.0,2023-24,HCES 2023-24 district fractile summary (GitHub/MoSPI)
RAJASTHAN,JODHPUR,8002.0,7097.0,8852.0,5435.0,36.9,2023-24,HCES 2023-24 district fractile summary (GitHub/MoSPI)
NAGALAND,KOHIMA,7997.0,5678.0,9700.0,6514.0,36.9,2023-24,HCES 2023-24 district fractile summary (GitHub/MoSPI)
RAJASTHAN,NAGAUR,7963.0,8225.0,6926.0,5768.0,36.7,2023-24,HCES 2023-24 district fractile summary (GitHub/MoSPI)
JAMMU AND KASHMIR,ANANTNAG,7943.0,7322.0,11515.0,6643.0,36.5,2023-24,HCES 2023-24 district fractile summary (GitHub/MoSPI)
DELHI,NORTH,7910.0,7753.0,7915.0,6304.0,36.3,2023-24,HCES 2023-24 district fractile summary (GitHub/MoSPI)
MAHARASHTRA,KOLHAPUR,7893.0,5762.0,11653.0,5041.0,36.2,2023-24,HCES 2023-24 district fractile summary (GitHub/MoSPI)
KARNATAKA,CHAMARAJANAGAR,7885.0,6130.0,10826.0,6631.0,36.2,2023-24,HCES 2023-24 district fractile summary (GitHub/MoSPI)
HIMACHAL PRADESH,KINNAUR,7883.0,7883.0,0,6096.0,36.1,2023-24,HCES 2023-24 district fractile summary (GitHub/MoSPI)
LAKSHADWEEP,LAKSHADWEEP,7871.0,8129.0,7773.0,5688.0,36.1,2023-24,HCES 2023-24 district fractile summary (GitHub/MoSPI)
ARUNACHAL PRADESH,EAST KAMENG,7862.0,7348.0,9600.0,6270.0,36.0,2023-24,HCES 2023-24 district fractile summary (GitHub/MoSPI)
KARNATAKA,BANGALORE RURAL,7830.0,6550.0,9854.0,6127.0,35.8,2023-24,HCES 2023-24 district fractile summary (GitHub/MoSPI)
HIMACHAL PRADESH,BILASPUR,7798.0,7798.0,0,6385.0,35.6,2023-24,HCES 2023-24 district fractile summary (GitHub/MoSPI)
ARUNACHAL PRADESH,LOHIT,7768.0,6877.0,11724.0,6188.0,35.4,2023-24,HCES 2023-24 district fractile summary (GitHub/MoSPI)
MAHARASHTRA,THANE,7754.0,5476.0,8216.0,6060.0,35.3,2023-24,HCES 2023-24 district fractile summary (GitHub/MoSPI)
PUNJAB,JALANDHAR,7748.0,6544.0,8258.0,5979.0,35.3,2023-24,HCES 2023-24 district fractile summary (GitHub/MoSPI)
NAGALAND,DIMAPUR,7701.0,6993.0,8450.0,6146.0,35.0,2023-24,HCES 2023-24 district fractile summary (GitHub/MoSPI)
KERALA,PALAKKAD,7640.0,6755.0,8850.0,5901.0,34.6,2023-24,HCES 2023-24 district fractile summary (GitHub/MoSPI)
WEST BENGAL,HAORA,7613.0,5500.0,8554.0,5985.0,34.4,2023-24,HCES 2023-24 district fractile summary (GitHub/MoSPI)
JAMMU AND KASHMIR,UDHAMPUR,7606.0,4501.0,13164.0,4580.0,34.4,2023-24,HCES 2023-24 district fractile summary (GitHub/MoSPI)
PUNJAB,GURDASPUR,7531.0,6937.0,9831.0,5750.0,33.9,2023-24,HCES 2023-24 district fractile summary (GitHub/MoSPI)
PUNJAB,FIROZPUR,7494.0,7357.0,7588.0,6528.0,33.6,2023-24,HCES 2023-24 district fractile summary (GitHub/MoSPI)
MANIPUR,UKHRUL,7487.0,0,7487.0,5629.0,33.6,2023-24,HCES 2023-24 district fractile summary (GitHub/MoSPI)
TAMIL NADU,TIRUNELVELI,7482.0,6470.0,8925.0,5468.0,33.6,2023-24,HCES 2023-24 district fractile summary (GitHub/MoSPI)
TRIPURA,SOUTH TRIPURA,7480.0,7375.0,8273.0,5978.0,33.6,2023-24,HCES 2023-24 district fractile summary (GitHub/MoSPI)
PUNJAB,HOSHIARPUR,7426.0,6317.0,9171.0,6157.0,33.2,2023-24,HCES 2023-24 district fractile summary (GitHub/MoSPI)
GUJARAT,VADODARA,7419.0,4483.0,8661.0,5697.0,33.2,2023-24,HCES 2023-24 district fractile summary (GitHub/MoSPI)
JAMMU AND KASHMIR,JAMMU,7375.0,5409.0,8960.0,5641.0,32.9,2023-24,HCES 2023-24 district fractile summary (GitHub/MoSPI)
TAMIL NADU,KRISHNAGIRI,7358.0,6068.0,9486.0,5507.0,32.8,2023-24,HCES 2023-24 district fractile summary (GitHub/MoSPI)
ANDHRA PRADESH,CHITTOOR,7324.0,6056.0,8690.0,5737.0,32.6,2023-24,HCES 2023-24 district fractile summary (GitHub/MoSPI)
TELANGANA,MAHABUBNAGAR,7297.0,7297.0,0,6645.0,32.4,2023-24,HCES 2023-24 district fractile summary (GitHub/MoSPI)
ARUNACHAL PRADESH,KURUNG KUMEY,7288.0,6925.0,12006.0,6191.0,32.3,2023-24,HCES 2023-24 district fractile summary (GitHub/MoSPI)
ANDHRA PRADESH,WEST GODAVARI,7255.0,6807.0,8863.0,6119.0,32.1,2023-24,HCES 2023-24 district fractile summary (GitHub/MoSPI)
DAMAN  & DIU,DIU,7245.0,6367.0,7355.0,5845.0,32.0,2023-24,HCES 2023-24 district fractile summary (GitHub/MoSPI)
ANDHRA PRADESH,GUNTUR,7242.0,6105.0,8618.0,5819.0,32.0,2023-24,HCES 2023-24 district fractile summary (GitHub/MoSPI)
JHARKHAND,SARAIKELA-KHARSAWAN,7237.0,3731.0,10432.0,3374.0,32.0,2023-24,HCES 2023-24 district fractile summary (GitHub/MoSPI)
KERALA,MALAPPURAM,7199.0,7200.0,7198.0,4955.0,31.8,2023-24,HCES 2023-24 district fractile summary (GitHub/MoSPI)
ODISHA,KHORDHA,7185.0,6755.0,7539.0,4779.0,31.7,2023-24,HCES 2023-24 district fractile summary (GitHub/MoSPI)
TELANGANA,RANGAREDDY,7178.0,6856.0,8378.0,6410.0,31.6,2023-24,HCES 2023-24 district fractile summary (GitHub/MoSPI)
HARYANA,AMBALA,7156.0,5613.0,8478.0,6398.0,31.5,2023-24,HCES 2023-24 district fractile summary (GitHub/MoSPI)
TAMIL NADU,TIRUCHIRAPPALLI,7152.0,5440.0,8374.0,5680.0,31.5,2023-24,HCES 2023-24 district fractile summary (GitHub/MoSPI)
ANDHRA PRADESH,ANANTHAPUR,7125.0,6435.0,8622.0,5905.0,31.3,2023-24,HCES 2023-24 district fractile summary (GitHub/MoSPI)
TELANGANA,NALGONDA,7120.0,0,7120.0,6769.0,31.2,2023-24,HCES 2023-24 district fractile summary (GitHub/MoSPI)
ODISHA,SUNDARGARH,7119.0,4743.0,9334.0,4973.0,31.2,2023-24,HCES 2023-24 district fractile summary (GitHub/MoSPI)
PUNJAB,MOGA,7118.0,7169.0,6907.0,5990.0,31.2,2023-24,HCES 2023-24 district fractile summary (GitHub/MoSPI)
TAMIL NADU,RAMANATHAPURAM,7112.0,6808.0,8356.0,5496.0,31.2,2023-24,HCES 2023-24 district fractile summary (GitHub/MoSPI)
KERALA,KANNUR,7101.0,6217.0,7506.0,5757.0,31.1,2023-24,HCES 2023-24 district fractile summary (GitHub/MoSPI)
ARUNACHAL PRADESH,UPPER SIANG,7100.0,4626.0,12801.0,6811.0,31.1,2023-24,HCES 2023-24 district fractile summary (GitHub/MoSPI)
PUNJAB,AMRITSAR,7092.0,5729.0,7928.0,5578.0,31.1,2023-24,HCES 2023-24 district fractile summary (GitHub/MoSPI)
MIZORAM,CHAMPHAI,7089.0,6193.0,10402.0,5590.0,31.0,2023-24,HCES 2023-24 district fractile summary (GitHub/MoSPI)
PUNJAB,BATHINDA,7081.0,6652.0,7706.0,5974.0,31.0,2023-24,HCES 2023-24 district fractile summary (GitHub/MoSPI)
KARNATAKA,SHIMOGA,7061.0,6742.0,7673.0,5558.0,30.9,2023-24,HCES 2023-24 district fractile summary (GitHub/MoSPI)
TAMIL NADU,VELLORE,7056.0,5878.0,7989.0,5716.0,30.8,2023-24,HCES 2023-24 district fractile summary (GitHub/MoSPI)
HARYANA,MEWAT,7052.0,6892.0,7494.0,6183.0,30.8,2023-24,HCES 2023-24 district fractile summary (GitHub/MoSPI)
JAMMU AND KASHMIR,KISHTWAR,7048.0,7048.0,0,5719.0,30.8,2023-24,HCES 2023-24 district fractile summary (GitHub/MoSPI)
GUJARAT,PORBANDAR,7046.0,4424.0,7127.0,6042.0,30.8,2023-24,HCES 2023-24 district fractile summary (GitHub/MoSPI)
HARYANA,ROHTAK,7036.0,5214.0,8399.0,5768.0,30.7,2023-24,HCES 2023-24 district fractile summary (GitHub/MoSPI)
NAGALAND,KIPHIRE,7019.0,6016.0,9179.0,5866.0,30.6,2023-24,HCES 2023-24 district fractile summary (GitHub/MoSPI)
HIMACHAL PRADESH,KANGRA,7018.0,6893.0,8598.0,5801.0,30.6,2023-24,HCES 2023-24 district fractile summary (GitHub/MoSPI)
HARYANA,PALWAL,7018.0,7018.0,0,6544.0,30.6,2023-24,HCES 2023-24 district fractile summary (GitHub/MoSPI)
KERALA,KASARAGOD,6993.0,7300.0,6320.0,5176.0,30.4,2023-24,HCES 2023-24 district fractile summary (GitHub/MoSPI)
UTTAR PRADESH,GHAZIABAD,6983.0,5554.0,7691.0,5623.0,30.4,2023-24,HCES 2023-24 district fractile summary (GitHub/MoSPI)
NAGALAND,TUENSANG,6974.0,5574.0,9176.0,5931.0,30.3,2023-24,HCES 2023-24 district fractile summary (GitHub/MoSPI)
MIZORAM,MAMIT,6965.0,7064.0,4727.0,4958.0,30.3,2023-24,HCES 2023-24 district fractile summary (GitHub/MoSPI)
NAGALAND,PEREN,6955.0,5543.0,12733.0,6267.0,30.2,2023-24,HCES 2023-24 district fractile summary (GitHub/MoSPI)
UTTAR PRADESH,MEERUT,6939.0,6012.0,7526.0,5528.0,30.1,2023-24,HCES 2023-24 district fractile summary (GitHub/MoSPI)
CHHATTISGARH,DURG,6929.0,4316.0,9167.0,4664.0,30.0,2023-24,HCES 2023-24 district fractile summary (GitHub/MoSPI)
RAJASTHAN,JHUNJHUNUNU,6923.0,6670.0,8057.0,5388.0,30.0,2023-24,HCES 2023-24 district fractile summary (GitHub/MoSPI)
GUJARAT,GANDHINAGAR,6901.0,4610.0,9273.0,4797.0,29.8,2023-24,HCES 2023-24 district fractile summary (GitHub/MoSPI)
KARNATAKA,CHIKKABALLAPURA,6900.0,6954.0,6544.0,5767.0,29.8,2023-24,HCES 2023-24 district fractile summary (GitHub/MoSPI)
JHARKHAND,DHANBAD,6876.0,5754.0,7877.0,3189.0,29.7,2023-24,HCES 2023-24 district fractile summary (GitHub/MoSPI)
UTTARAKAND,GARHWAL,6851.0,6302.0,7972.0,5198.0,29.5,2023-24,HCES 2023-24 district fractile summary (GitHub/MoSPI)
TAMIL NADU,DINDIGUL,6849.0,6286.0,9843.0,5584.0,29.5,2023-24,HCES 2023-24 district fractile summary (GitHub/MoSPI)
HIMACHAL PRADESH,MANDI,6839.0,4367.0,15400.0,4152.0,29.4,2023-24,HCES 2023-24 district fractile summary (GitHub/MoSPI)
KARNATAKA,MANDYA,6831.0,6831.0,6840.0,5901.0,29.4,2023-24,HCES 2023-24 district fractile summary (GitHub/MoSPI)
JAMMU AND KASHMIR,PULWAMA,6827.0,6985.0,5016.0,6120.0,29.4,2023-24,HCES 2023-24 district fractile summary (GitHub/MoSPI)
MAHARASHTRA,SATARA,6819.0,5271.0,9488.0,5003.0,29.3,2023-24,HCES 2023-24 district fractile summary (GitHub/MoSPI)
ANDHRA PRADESH,PRAKASAM,6817.0,6318.0,8241.0,5636.0,29.3,2023-24,HCES 2023-24 district fractile summary (GitHub/MoSPI)
PUNJAB,MUKTSAR,6798.0,6307.0,10376.0,5969.0,29.2,2023-24,HCES 2023-24 district fractile summary (GitHub/MoSPI)
RAJASTHAN,BHILWARA,6796.0,6187.0,8565.0,5618.0,29.2,2023-24,HCES 2023-24 district fractile summary (GitHub/MoSPI)
KARNATAKA,DHARWAD,6782.0,4374.0,7137.0,5736.0,29.1,2023-24,HCES 2023-24 district fractile summary (GitHub/MoSPI)
PUNJAB,RUPNAGAR,6757.0,5818.0,7523.0,5382.0,28.9,2023-24,HCES 2023-24 district fractile summary (GitHub/MoSPI)
KARNATAKA,KOLAR,6750.0,6729.0,6772.0,5503.0,28.9,2023-24,HCES 2023-24 district fractile summary (GitHub/MoSPI)
ANDHRA PRADESH,EAST GODAVARI,6747.0,5456.0,8773.0,4759.0,28.9,2023-24,HCES 2023-24 district fractile summary (GitHub/MoSPI)
WEST BENGAL,DARJILING,6740.0,5223.0,7562.0,5531.0,28.8,2023-24,HCES 2023-24 district fractile summary (GitHub/MoSPI)
KARNATAKA,HASSAN,6740.0,5727.0,9182.0,5931.0,28.8,2023-24,HCES 2023-24 district fractile summary (GitHub/MoSPI)
MAHARASHTRA,OSMANABAD,6713.0,6023.0,7629.0,4542.0,28.6,2023-24,HCES 2023-24 district fractile summary (GitHub/MoSPI)
WEST BENGAL,NORTHTWENTYFOURPARGANAS,6710.0,3823.0,8495.0,3962.0,28.6,2023-24,HCES 2023-24 district fractile summary (GitHub/MoSPI)
TELANGANA,WARANGAL,6710.0,6465.0,7808.0,5789.0,28.6,2023-24,HCES 2023-24 district fractile summary (GitHub/MoSPI)
RAJASTHAN,KOTA,6684.0,3976.0,7268.0,4306.0,28.4,2023-24,HCES 2023-24 district fractile summary (GitHub/MoSPI)
MADHYA PRADESH,BHOPAL,6656.0,6204.0,6751.0,4292.0,28.3,2023-24,HCES 2023-24 district fractile summary (GitHub/MoSPI)
MADHYA PRADESH,WEST NIMAR,6650.0,6515.0,8146.0,5176.0,28.2,2023-24,HCES 2023-24 district fractile summary (GitHub/MoSPI)
HARYANA,SONIPAT,6642.0,5386.0,7928.0,5224.0,28.2,2023-24,HCES 2023-24 district fractile summary (GitHub/MoSPI)
RAJASTHAN,CHURU,6623.0,6655.0,6210.0,4797.0,28.1,2023-24,HCES 2023-24 district fractile summary (GitHub/MoSPI)
PUNJAB,SANGRUR,6616.0,6128.0,7853.0,5742.0,28.0,2023-24,HCES 2023-24 district fractile summary (GitHub/MoSPI)
HARYANA,KURUKSHETRA,6615.0,6295.0,7754.0,5726.0,28.0,2023-24,HCES 2023-24 district fractile summary (GitHub/MoSPI)
KARNATAKA,UDUPI,6611.0,5641.0,8090.0,5037.0,28.0,2023-24,HCES 2023-24 district fractile summary (GitHub/MoSPI)
RAJASTHAN,JAISALMER,6607.0,5948.0,8895.0,5525.0,28.0,2023-24,HCES 2023-24 district fractile summary (GitHub/MoSPI)
PUNJAB,FATEHGARH SAHIB,6606.0,6616.0,6497.0,4984.0,27.9,2023-24,HCES 2023-24 district fractile summary (GitHub/MoSPI)
HARYANA,PANIPAT,6603.0,5113.0,7114.0,4928.0,27.9,2023-24,HCES 2023-24 district fractile summary (GitHub/MoSPI)
PUNJAB,FARIDKOT,6602.0,6602.0,0,5551.0,27.9,2023-24,HCES 2023-24 district fractile summary (GitHub/MoSPI)
TELANGANA,KHAMMAM,6598.0,6598.0,0,6072.0,27.9,2023-24,HCES 2023-24 district fractile summary (GitHub/MoSPI)
MAHARASHTRA,RATNAGIRI,6579.0,5620.0,14096.0,3828.0,27.8,2023-24,HCES 2023-24 district fractile summary (GitHub/MoSPI)
UTTAR PRADESH,LUCKNOW,6561.0,3855.0,7303.0,4493.0,27.7,2023-24,HCES 2023-24 district fractile summary (GitHub/MoSPI)
MANIPUR,IMPHAL WEST,6554.0,5631.0,7237.0,5475.0,27.6,2023-24,HCES 2023-24 district fractile summary (GitHub/MoSPI)
NAGALAND,PHEK,6527.0,6000.0,8620.0,5442.0,27.4,2023-24,HCES 2023-24 district fractile summary (GitHub/MoSPI)
PUNJAB,MANSA,6525.0,6617.0,5727.0,5719.0,27.4,2023-24,HCES 2023-24 district fractile summary (GitHub/MoSPI)
TRIPURA,DHALAI,6525.0,6470.0,7199.0,5344.0,27.4,2023-24,HCES 2023-24 district fractile summary (GitHub/MoSPI)
ARUNACHAL PRADESH,EAST SIANG,6517.0,6018.0,7930.0,5489.0,27.4,2023-24,HCES 2023-24 district fractile summary (GitHub/MoSPI)
TAMIL NADU,VIRUDHUNAGAR,6488.0,5713.0,6810.0,5192.0,27.2,2023-24,HCES 2023-24 district fractile summary (GitHub/MoSPI)
GUJARAT,VALSAD,6484.0,4926.0,8092.0,4974.0,27.2,2023-24,HCES 2023-24 district fractile summary (GitHub/MoSPI)
KARNATAKA,CHITRADURGA,6460.0,6285.0,6776.0,5650.0,27.0,2023-24,HCES 2023-24 district fractile summary (GitHub/MoSPI)
MAHARASHTRA,LATUR,6457.0,3746.0,8454.0,4419.0,27.0,2023-24,HCES 2023-24 district fractile summary (GitHub/MoSPI)
KARNATAKA,BIJAPUR,6419.0,4164.0,7702.0,4673.0,26.7,2023-24,HCES 2023-24 district fractile summary (GitHub/MoSPI)
ANDHRA PRADESH,VIZIANAGARAM,6415.0,6414.0,6425.0,4537.0,26.7,2023-24,HCES 2023-24 district fractile summary (GitHub/MoSPI)
KARNATAKA,UTTARA KANNADA,6405.0,5724.0,8131.0,5220.0,26.7,2023-24,HCES 2023-24 district fractile summary (GitHub/MoSPI)
TAMIL NADU,THOOTHUKKUDI,6399.0,5963.0,6578.0,5037.0,26.6,2023-24,HCES 2023-24 district fractile summary (GitHub/MoSPI)
HARYANA,KARNAL,6394.0,5723.0,8144.0,5303.0,26.6,2023-24,HCES 2023-24 district fractile summary (GitHub/MoSPI)
TRIPURA,NORTH TRIPURA,6381.0,6378.0,6408.0,5583.0,26.5,2023-24,HCES 2023-24 district fractile summary (GitHub/MoSPI)
ANDHRA PRADESH,SRIKAKULAM,6364.0,6342.0,6716.0,4748.0,26.4,2023-24,HCES 2023-24 district fractile summary (GitHub/MoSPI)
MAHARASHTRA,SANGLI,6360.0,5860.0,7594.0,4609.0,26.4,2023-24,HCES 2023-24 district fractile summary (GitHub/MoSPI)
UTTARAKAND,PITHORAGARH,6350.0,5396.0,9095.0,5344.0,26.3,2023-24,HCES 2023-24 district fractile summary (GitHub/MoSPI)
ANDHRA PRADESH,KADAPA,6334.0,5636.0,7825.0,5135.0,26.2,2023-24,HCES 2023-24 district fractile summary (GitHub/MoSPI)
NAGALAND,WOKHA,6329.0,5474.0,8924.0,5460.0,26.2,2023-24,HCES 2023-24 district fractile summary (GitHub/MoSPI)
KARNATAKA,TUMKUR,6328.0,5633.0,8817.0,5494.0,26.2,2023-24,HCES 2023-24 district fractile summary (GitHub/MoSPI)
JAMMU AND KASHMIR,SRINAGAR,6326.0,4134.0,6760.0,5151.0,26.2,2023-24,HCES 2023-24 district fractile summary (GitHub/MoSPI)
TAMIL NADU,KARUR,6316.0,5877.0,7111.0,5605.0,26.1,2023-24,HCES 2023-24 district fractile summary (GitHub/MoSPI)
KARNATAKA,KODAGU,6315.0,6315.0,0,4625.0,26.1,2023-24,HCES 2023-24 district fractile summary (GitHub/MoSPI)
GUJARAT,JAMNAGAR,6299.0,5051.0,6884.0,5005.0,26.0,2023-24,HCES 2023-24 district fractile summary (GitHub/MoSPI)
ARUNACHAL PRADESH,CHANGLANG,6295.0,6381.0,4570.0,4685.0,26.0,2023-24,HCES 2023-24 district fractile summary (GitHub/MoSPI)
MADHYA PRADESH,CHHINDWARA,6276.0,3345.0,7553.0,3973.0,25.8,2023-24,HCES 2023-24 district fractile summary (GitHub/MoSPI)
TAMIL NADU,DHARMAPURI,6268.0,5831.0,9145.0,5158.0,25.8,2023-24,HCES 2023-24 district fractile summary (GitHub/MoSPI)
UTTARAKAND,ALMORA,6259.0,6187.0,8360.0,5056.0,25.7,2023-24,HCES 2023-24 district fractile summary (GitHub/MoSPI)
RAJASTHAN,SIKAR,6229.0,6115.0,6404.0,5136.0,25.5,2023-24,HCES 2023-24 district fractile summary (GitHub/MoSPI)
KARNATAKA,RAMANAGARA,6221.0,5224.0,11134.0,3952.0,25.5,2023-24,HCES 2023-24 district fractile summary (GitHub/MoSPI)
PUNJAB,SHAHID BHAGAT,6220.0,6091.0,8649.0,5311.0,25.5,2023-24,HCES 2023-24 district fractile summary (GitHub/MoSPI)
TELANGANA,KARIMNAGAR,6216.0,4521.0,7153.0,5279.0,25.4,2023-24,HCES 2023-24 district fractile summary (GitHub/MoSPI)
GUJARAT,BHARUCH,6209.0,5076.0,6448.0,4995.0,25.4,2023-24,HCES 2023-24 district fractile summary (GitHub/MoSPI)
HIMACHAL PRADESH,LAHUL & SPITI,6201.0,6201.0,0,5828.0,25.3,2023-24,HCES 2023-24 district fractile summary (GitHub/MoSPI)
TAMIL NADU,ARIYALUR,6168.0,5633.0,7035.0,5231.0,25.1,2023-24,HCES 2023-24 district fractile summary (GitHub/MoSPI)
TAMIL NADU,VILUPPURAM,6158.0,5650.0,7764.0,5324.0,25.1,2023-24,HCES 2023-24 district fractile summary (GitHub/MoSPI)
NAGALAND,LONGLENG,6149.0,6149.0,0,4882.0,25.0,2023-24,HCES 2023-24 district fractile summary (GitHub/MoSPI)
NAGALAND,ZUNHEBOTO,6138.0,5993.0,7151.0,5374.0,24.9,2023-24,HCES 2023-24 district fractile summary (GitHub/MoSPI)
ANDHRA PRADESH,NELLORE,6133.0,5760.0,7820.0,5473.0,24.9,2023-24,HCES 2023-24 district fractile summary (GitHub/MoSPI)
ASSAM,JORHAT,6118.0,4404.0,7690.0,4584.0,24.8,2023-24,HCES 2023-24 district fractile summary (GitHub/MoSPI)
TAMIL NADU,THANJAVUR,6118.0,5408.0,9239.0,4513.0,24.8,2023-24,HCES 2023-24 district fractile summary (GitHub/MoSPI)
KERALA,WAYANAD,6112.0,6112.0,0,4531.0,24.8,2023-24,HCES 2023-24 district fractile summary (GitHub/MoSPI)
HARYANA,FATEHABAD,6077.0,6077.0,0,5190.0,24.6,2023-24,HCES 2023-24 district fractile summary (GitHub/MoSPI)
MAHARASHTRA,SINDHUDURG,6073.0,5541.0,8290.0,3985.0,24.5,2023-24,HCES 2023-24 district fractile summary (GitHub/MoSPI)
GUJARAT,KACHCHH,6062.0,5125.0,7240.0,4854.0,24.5,2023-24,HCES 2023-24 district fractile summary (GitHub/MoSPI)
TAMIL NADU,NAGAPATTINAM,6053.0,5463.0,8179.0,4932.0,24.4,2023-24,HCES 2023-24 district fractile summary (GitHub/MoSPI)
TAMIL NADU,SIVAGANGA,6050.0,5659.0,7529.0,5011.0,24.4,2023-24,HCES 2023-24 district fractile summary (GitHub/MoSPI)
PUNJAB,TARN TARAN,6041.0,6104.0,4853.0,4762.0,24.3,2023-24,HCES 2023-24 district fractile summary (GitHub/MoSPI)
UTTARAKAND,UDHAM SINGH NAGAR,6027.0,5892.0,6544.0,4881.0,24.2,2023-24,HCES 2023-24 district fractile summary (GitHub/MoSPI)
RAJASTHAN,UDAIPUR,6020.0,4274.0,10078.0,4020.0,24.2,2023-24,HCES 2023-24 district fractile summary (GitHub/MoSPI)
UTTAR PRADESH,KANPUR NAGAR,6013.0,4429.0,6713.0,4761.0,24.1,2023-24,HCES 2023-24 district fractile summary (GitHub/MoSPI)
MADHYA PRADESH,HARDA,5999.0,5294.0,6999.0,5210.0,24.1,2023-24,HCES 2023-24 district fractile summary (GitHub/MoSPI)
GUJARAT,SABAR KANTHA,5970.0,5655.0,8521.0,4784.0,23.9,2023-24,HCES 2023-24 district fractile summary (GitHub/MoSPI)
HIMACHAL PRADESH,SIRMAUR,5965.0,5520.0,8631.0,5090.0,23.8,2023-24,HCES 2023-24 district fractile summary (GitHub/MoSPI)
JAMMU AND KASHMIR,KULGAM,5964.0,6015.0,5022.0,4082.0,23.8,2023-24,HCES 2023-24 district fractile summary (GitHub/MoSPI)
RAJASTHAN,AJMER,5902.0,4912.0,7841.0,5009.0,23.4,2023-24,HCES 2023-24 district fractile summary (GitHub/MoSPI)
GUJARAT,JUNAGADH,5897.0,6002.0,4931.0,4298.0,23.4,2023-24,HCES 2023-24 district fractile summary (GitHub/MoSPI)
ANDHRA PRADESH,KURNOOL,5896.0,4944.0,7034.0,4831.0,23.4,2023-24,HCES 2023-24 district fractile summary (GitHub/MoSPI)
MAHARASHTRA,NASHIK,5887.0,3419.0,7670.0,4127.0,23.3,2023-24,HCES 2023-24 district fractile summary (GitHub/MoSPI)
ASSAM,SIVASAGAR,5872.0,3940.0,12158.0,4157.0,23.2,2023-24,HCES 2023-24 district fractile summary (GitHub/MoSPI)
ASSAM,DIBRUGARH,5865.0,4934.0,11646.0,4504.0,23.2,2023-24,HCES 2023-24 district fractile summary (GitHub/MoSPI)
UTTAR PRADESH,JHANSI,5856.0,4533.0,6276.0,4876.0,23.1,2023-24,HCES 2023-24 district fractile summary (GitHub/MoSPI)
MADHYA PRADESH,SINGRAULI,5856.0,4014.0,8157.0,4041.0,23.1,2023-24,HCES 2023-24 district fractile summary (GitHub/MoSPI)
MAHARASHTRA,WARDHA,5843.0,4814.0,7615.0,4468.0,23.1,2023-24,HCES 2023-24 district fractile summary (GitHub/MoSPI)
GUJARAT,BHAVNAGAR,5831.0,4424.0,7179.0,4822.0,23.0,2023-24,HCES 2023-24 district fractile summary (GitHub/MoSPI)
MAHARASHTRA,AURANGABAD,5828.0,3853.0,7199.0,4315.0,23.0,2023-24,HCES 2023-24 district fractile summary (GitHub/MoSPI)
CHHATTISGARH,RAIPUR,5814.0,4131.0,6391.0,3985.0,22.9,2023-24,HCES 2023-24 district fractile summary (GitHub/MoSPI)
UTTAR PRADESH,MUZAFFARNAGAR,5808.0,5712.0,6385.0,4261.0,22.8,2023-24,HCES 2023-24 district fractile summary (GitHub/MoSPI)
JHARKHAND,RANCHI,5803.0,3317.0,7825.0,3371.0,22.8,2023-24,HCES 2023-24 district fractile summary (GitHub/MoSPI)
PUNJAB,PATIALA,5794.0,5314.0,7333.0,4888.0,22.7,2023-24,HCES 2023-24 district fractile summary (GitHub/MoSPI)
JAMMU AND KASHMIR,REASI,5788.0,5691.0,7232.0,4896.0,22.7,2023-24,HCES 2023-24 district fractile summary (GitHub/MoSPI)
RAJASTHAN,BHARATPUR,5778.0,5316.0,7759.0,4239.0,22.6,2023-24,HCES 2023-24 district fractile summary (GitHub/MoSPI)
ARUNACHAL PRADESH,TIRAP,5776.0,5091.0,8454.0,4898.0,22.6,2023-24,HCES 2023-24 district fractile summary (GitHub/MoSPI)
JAMMU AND KASHMIR,KATHUA,5770.0,5770.0,0,4843.0,22.6,2023-24,HCES 2023-24 district fractile summary (GitHub/MoSPI)
MADHYA PRADESH,GWALIOR,5767.0,4304.0,6416.0,4825.0,22.6,2023-24,HCES 2023-24 district fractile summary (GitHub/MoSPI)
JHARKHAND,PURBI SINGHBHUM,5755.0,3295.0,6655.0,4384.0,22.5,2023-24,HCES 2023-24 district fractile summary (GitHub/MoSPI)
TAMIL NADU,THIRUVARUR,5739.0,5742.0,5390.0,4583.0,22.4,2023-24,HCES 2023-24 district fractile summary (GitHub/MoSPI)
MADHYA PRADESH,BURHANPUR,5710.0,4768.0,6540.0,4814.0,22.2,2023-24,HCES 2023-24 district fractile summary (GitHub/MoSPI)
RAJASTHAN,DAUSA,5685.0,5453.0,8192.0,4355.0,22.0,2023-24,HCES 2023-24 district fractile summary (GitHub/MoSPI)
GUJARAT,NAVSARI,5678.0,5282.0,6716.0,4417.0,22.0,2023-24,HCES 2023-24 district fractile summary (GitHub/MoSPI)
HARYANA,JHAJJAR,5664.0,5543.0,6260.0,5172.0,21.9,2023-24,HCES 2023-24 district fractile summary (GitHub/MoSPI)
RAJASTHAN,GANGANAGAR,5619.0,5648.0,5598.0,4362.0,21.6,2023-24,HCES 2023-24 district fractile summary (GitHub/MoSPI)
ARUNACHAL PRADESH,ANJAW,5609.0,5609.0,0,4688.0,21.5,2023-24,HCES 2023-24 district fractile summary (GitHub/MoSPI)
JAMMU AND KASHMIR,SAMBA,5603.0,4641.0,7319.0,4785.0,21.5,2023-24,HCES 2023-24 district fractile summary (GitHub/MoSPI)
MAHARASHTRA,JALGAON,5603.0,4834.0,7009.0,4537.0,21.5,2023-24,HCES 2023-24 district fractile summary (GitHub/MoSPI)
MANIPUR,IMPHAL EAST,5602.0,5444.0,6115.0,4959.0,21.5,2023-24,HCES 2023-24 district fractile summary (GitHub/MoSPI)
UTTARAKAND,CHAMOLI,5601.0,5601.0,0,3751.0,21.5,2023-24,HCES 2023-24 district fractile summary (GitHub/MoSPI)
KARNATAKA,KOPPAL,5594.0,5395.0,6956.0,4884.0,21.5,2023-24,HCES 2023-24 district fractile summary (GitHub/MoSPI)
ASSAM,TINSUKIA,5580.0,4778.0,8333.0,4425.0,21.4,2023-24,HCES 2023-24 district fractile summary (GitHub/MoSPI)
MAHARASHTRA,GADCHIROLI,5576.0,3935.0,7764.0,4204.0,21.3,2023-24,HCES 2023-24 district fractile summary (GitHub/MoSPI)
KARNATAKA,DAVANAGERE,5552.0,4588.0,7491.0,4607.0,21.2,2023-24,HCES 2023-24 district fractile summary (GitHub/MoSPI)
RAJASTHAN,HANUMANGARH,5546.0,5500.0,5803.0,4263.0,21.1,2023-24,HCES 2023-24 district fractile summary (GitHub/MoSPI)
ODISHA,CUTTACK,5540.0,3861.0,7167.0,4216.0,21.1,2023-24,HCES 2023-24 district fractile summary (GitHub/MoSPI)
TAMIL NADU,TIRUVANNAMALAI,5536.0,5105.0,6657.0,4913.0,21.1,2023-24,HCES 2023-24 district fractile summary (GitHub/MoSPI)
HIMACHAL PRADESH,CHAMBA,5535.0,5380.0,8001.0,4396.0,21.1,2023-24,HCES 2023-24 district fractile summary (GitHub/MoSPI)
UTTAR PRADESH,MATHURA,5519.0,3850.0,6740.0,3991.0,21.0,2023-24,HCES 2023-24 district fractile summary (GitHub/MoSPI)
HARYANA,REWARI,5508.0,5388.0,5882.0,4935.0,20.9,2023-24,HCES 2023-24 district fractile summary (GitHub/MoSPI)
UTTARAKAND,CHAMPAWAT,5502.0,5502.0,0,4492.0,20.9,2023-24,HCES 2023-24 district fractile summary (GitHub/MoSPI)
RAJASTHAN,JALOR,5489.0,4861.0,9096.0,4023.0,20.8,2023-24,HCES 2023-24 district fractile summary (GitHub/MoSPI)
MAHARASHTRA,AHMADNAGAR,5487.0,5176.0,6641.0,4032.0,20.8,2023-24,HCES 2023-24 district fractile summary (GitHub/MoSPI)
GUJARAT,BANAS KANTHA,5479.0,3842.0,9414.0,3446.0,20.7,2023-24,HCES 2023-24 district fractile summary (GitHub/MoSPI)
HIMACHAL PRADESH,KULLU,5443.0,4159.0,10009.0,4291.0,20.5,2023-24,HCES 2023-24 district fractile summary (GitHub/MoSPI)
TELANGANA,HYDERABAD DISTRICT,5441.0,4626.0,6095.0,4693.0,20.5,2023-24,HCES 2023-24 district fractile summary (GitHub/MoSPI)
HARYANA,JIND,5437.0,5445.0,5278.0,4728.0,20.4,2023-24,HCES 2023-24 district fractile summary (GitHub/MoSPI)
UTTAR PRADESH,SAHARANPUR,5414.0,5088.0,6011.0,3986.0,20.3,2023-24,HCES 2023-24 district fractile summary (GitHub/MoSPI)
HARYANA,HISAR,5403.0,5450.0,5082.0,4634.0,20.2,2023-24,HCES 2023-24 district fractile summary (GitHub/MoSPI)
NA,NA,5400.0,4648.0,7200.0,4366.0,20.2,2023-24,HCES 2023-24 district fractile summary (GitHub/MoSPI)
ODISHA,BALANGIR,5396.0,4481.0,9826.0,4148.0,20.2,2023-24,HCES 2023-24 district fractile summary (GitHub/MoSPI)
MAHARASHTRA,DHULE,5370.0,5073.0,6194.0,4192.0,20.0,2023-24,HCES 2023-24 district fractile summary (GitHub/MoSPI)
MADHYA PRADESH,BARWANI,5356.0,4893.0,8319.0,4392.0,19.9,2023-24,HCES 2023-24 district fractile summary (GitHub/MoSPI)
RAJASTHAN,CHITTAURGARH,5343.0,5335.0,5365.0,3600.0,19.8,2023-24,HCES 2023-24 district fractile summary (GitHub/MoSPI)
MAHARASHTRA,SOLAPUR,5340.0,5117.0,6426.0,3889.0,19.8,2023-24,HCES 2023-24 district fractile summary (GitHub/MoSPI)
BIHAR,PATNA,5339.0,3476.0,6886.0,3718.0,19.8,2023-24,HCES 2023-24 district fractile summary (GitHub/MoSPI)
GUJARAT,TAPI,5317.0,5057.0,5871.0,4150.0,19.7,2023-24,HCES 2023-24 district fractile summary (GitHub/MoSPI)
TAMIL NADU,PERAMBALUR,5316.0,5100.0,8821.0,4456.0,19.7,2023-24,HCES 2023-24 district fractile summary (GitHub/MoSPI)
HARYANA,MAHENDRAGARH,5315.0,5370.0,4526.0,4739.0,19.7,2023-24,HCES 2023-24 district fractile summary (GitHub/MoSPI)
MADHYA PRADESH,UJJAIN,5295.0,3481.0,6107.0,4552.0,19.5,2023-24,HCES 2023-24 district fractile summary (GitHub/MoSPI)
UTTARAKAND,RUDRAPRAYAG,5293.0,5293.0,0,4097.0,19.5,2023-24,HCES 2023-24 district fractile summary (GitHub/MoSPI)
ASSAM,GOLAGHAT,5289.0,4599.0,8293.0,3707.0,19.5,2023-24,HCES 2023-24 district fractile summary (GitHub/MoSPI)
JHARKHAND,HAZARIBAGH,5288.0,3731.0,9290.0,3944.0,19.5,2023-24,HCES 2023-24 district fractile summary (GitHub/MoSPI)
GUJARAT,MAHESANA,5287.0,4326.0,6901.0,4003.0,19.5,2023-24,HCES 2023-24 district fractile summary (GitHub/MoSPI)
ASSAM,DIMA HASAO,5286.0,4980.0,6829.0,4690.0,19.5,2023-24,HCES 2023-24 district fractile summary (GitHub/MoSPI)
WEST BENGAL,PURBAMEDINIPUR,5282.0,4567.0,9508.0,4083.0,19.4,2023-24,HCES 2023-24 district fractile summary (GitHub/MoSPI)
ODISHA,GAJAPATI,5282.0,2079.0,7631.0,4215.0,19.4,2023-24,HCES 2023-24 district fractile summary (GitHub/MoSPI)
MADHYA PRADESH,RAISEN,5282.0,3994.0,7743.0,3897.0,19.4,2023-24,HCES 2023-24 district fractile summary (GitHub/MoSPI)
BIHAR,ROHTAS,5279.0,3676.0,7734.0,3035.0,19.4,2023-24,HCES 2023-24 district fractile summary (GitHub/MoSPI)
MANIPUR,THOUBAL,5275.0,4923.0,6131.0,4602.0,19.4,2023-24,HCES 2023-24 district fractile summary (GitHub/MoSPI)
TAMIL NADU,CUDDALORE,5269.0,5181.0,5582.0,4819.0,19.4,2023-24,HCES 2023-24 district fractile summary (GitHub/MoSPI)
ODISHA,BARGARH,5259.0,4042.0,7326.0,4068.0,19.3,2023-24,HCES 2023-24 district fractile summary (GitHub/MoSPI)
JHARKHAND,BOKARO,5253.0,4602.0,6003.0,3674.0,19.3,2023-24,HCES 2023-24 district fractile summary (GitHub/MoSPI)
KARNATAKA,RAICHUR,5245.0,4955.0,5870.0,4619.0,19.2,2023-24,HCES 2023-24 district fractile summary (GitHub/MoSPI)
MADHYA PRADESH,REWA,5243.0,4206.0,7730.0,4256.0,19.2,2023-24,HCES 2023-24 district fractile summary (GitHub/MoSPI)
UTTARAKAND,TEHRI GARHWAL,5240.0,4890.0,6482.0,3589.0,19.2,2023-24,HCES 2023-24 district fractile summary (GitHub/MoSPI)
HARYANA,KAITHAL,5235.0,5235.0,0,4722.0,19.1,2023-24,HCES 2023-24 district fractile summary (GitHub/MoSPI)
RAJASTHAN,BIKANER,5192.0,4794.0,6431.0,4113.0,18.9,2023-24,HCES 2023-24 district fractile summary (GitHub/MoSPI)
MANIPUR,BISHNUPUR,5192.0,4897.0,6132.0,4571.0,18.9,2023-24,HCES 2023-24 district fractile summary (GitHub/MoSPI)
RAJASTHAN,BARMER,5179.0,4899.0,7631.0,3889.0,18.8,2023-24,HCES 2023-24 district fractile summary (GitHub/MoSPI)
TAMIL NADU,PUDUKKOTTAI,5171.0,5164.0,5214.0,4424.0,18.7,2023-24,HCES 2023-24 district fractile summary (GitHub/MoSPI)
MAHARASHTRA,CHANDRAPUR,5148.0,4835.0,7587.0,3772.0,18.6,2023-24,HCES 2023-24 district fractile summary (GitHub/MoSPI)
UTTAR PRADESH,BAGHPAT,5140.0,5014.0,5634.0,4568.0,18.5,2023-24,HCES 2023-24 district fractile summary (GitHub/MoSPI)
BIHAR,MUZAFFARPUR,5139.0,4768.0,7206.0,4043.0,18.5,2023-24,HCES 2023-24 district fractile summary (GitHub/MoSPI)
MANIPUR,CHANDEL,5125.0,5125.0,0,4162.0,18.4,2023-24,HCES 2023-24 district fractile summary (GitHub/MoSPI)
ASSAM,BONGAIGAON,5121.0,4322.0,8083.0,4475.0,18.4,2023-24,HCES 2023-24 district fractile summary (GitHub/MoSPI)
BIHAR,VAISHALI,5099.0,5056.0,5854.0,4116.0,18.3,2023-24,HCES 2023-24 district fractile summary (GitHub/MoSPI)
MAHARASHTRA,AKOLA,5088.0,4163.0,9240.0,4544.0,18.2,2023-24,HCES 2023-24 district fractile summary (GitHub/MoSPI)
MAHARASHTRA,AMRAVATI,5086.0,5053.0,5212.0,3462.0,18.2,2023-24,HCES 2023-24 district fractile summary (GitHub/MoSPI)
BIHAR,BHAGALPUR,5084.0,4571.0,7205.0,4343.0,18.2,2023-24,HCES 2023-24 district fractile summary (GitHub/MoSPI)
MADHYA PRADESH,EAST NIMAR,5081.0,5118.0,4428.0,4215.0,18.2,2023-24,HCES 2023-24 district fractile summary (GitHub/MoSPI)
WEST BENGAL,KOCHBIHAR,5078.0,4267.0,7477.0,4105.0,18.1,2023-24,HCES 2023-24 district fractile summary (GitHub/MoSPI)
KARNATAKA,GADAG,5076.0,4738.0,6274.0,4319.0,18.1,2023-24,HCES 2023-24 district fractile summary (GitHub/MoSPI)
MADHYA PRADESH,SATNA,5073.0,4026.0,6955.0,3844.0,18.1,2023-24,HCES 2023-24 district fractile summary (GitHub/MoSPI)
UTTAR PRADESH,ALLAHABAD,5070.0,3783.0,7043.0,3675.0,18.1,2023-24,HCES 2023-24 district fractile summary (GitHub/MoSPI)
UTTAR PRADESH,MAINPURI,5057.0,4254.0,7333.0,3669.0,18.0,2023-24,HCES 2023-24 district fractile summary (GitHub/MoSPI)
UTTARAKAND,UTTARKASHI,5055.0,5055.0,0,4174.0,18.0,2023-24,HCES 2023-24 district fractile summary (GitHub/MoSPI)
MADHYA PRADESH,PANNA,5055.0,4254.0,6184.0,4361.0,18.0,2023-24,HCES 2023-24 district fractile summary (GitHub/MoSPI)
MAHARASHTRA,NANDED,5054.0,4237.0,6126.0,3953.0,18.0,2023-24,HCES 2023-24 district fractile summary (GitHub/MoSPI)
HARYANA,YAMUNANAGAR,5045.0,5156.0,5024.0,4350.0,17.9,2023-24,HCES 2023-24 district fractile summary (GitHub/MoSPI)
RAJASTHAN,PALI,5031.0,4602.0,6537.0,4170.0,17.8,2023-24,HCES 2023-24 district fractile summary (GitHub/MoSPI)
MAHARASHTRA,YAVATMAL,5031.0,4338.0,6944.0,3984.0,17.8,2023-24,HCES 2023-24 district fractile summary (GitHub/MoSPI)
MEGHALAYA,EAST GARO HILLS,5028.0,4494.0,7503.0,4444.0,17.8,2023-24,HCES 2023-24 district fractile summary (GitHub/MoSPI)
UTTAR PRADESH,ALIGARH,5014.0,3893.0,6210.0,4144.0,17.7,2023-24,HCES 2023-24 district fractile summary (GitHub/MoSPI)
WEST BENGAL,UTTARDINAJPUR,4994.0,4564.0,6906.0,3801.0,17.6,2023-24,HCES 2023-24 district fractile summary (GitHub/MoSPI)
WEST BENGAL,HUGLI,4992.0,4138.0,6048.0,3473.0,17.6,2023-24,HCES 2023-24 district fractile summary (GitHub/MoSPI)
WEST BENGAL,MALDAH,4974.0,4459.0,7509.0,3849.0,17.5,2023-24,HCES 2023-24 district fractile summary (GitHub/MoSPI)
MADHYA PRADESH,DATIA,4965.0,4965.0,0,4096.0,17.4,2023-24,HCES 2023-24 district fractile summary (GitHub/MoSPI)
MEGHALAYA,WEST GARO HILLS,4959.0,4533.0,7676.0,4211.0,17.4,2023-24,HCES 2023-24 district fractile summary (GitHub/MoSPI)
ASSAM,NALBARI,4953.0,3836.0,8040.0,4338.0,17.3,2023-24,HCES 2023-24 district fractile summary (GitHub/MoSPI)
KARNATAKA,BELGAUM,4949.0,4593.0,6158.0,4333.0,17.3,2023-24,HCES 2023-24 district fractile summary (GitHub/MoSPI)
JAMMU AND KASHMIR,GANDERBAL,4946.0,4874.0,5429.0,4565.0,17.3,2023-24,HCES 2023-24 district fractile summary (GitHub/MoSPI)
WEST BENGAL,SOUTH TWENTY FOUR PARGANAS,4910.0,4033.0,6403.0,3671.0,17.1,2023-24,HCES 2023-24 district fractile summary (GitHub/MoSPI)
JHARKHAND,DUMKA,4891.0,3097.0,8547.0,3129.0,16.9,2023-24,HCES 2023-24 district fractile summary (GitHub/MoSPI)
MADHYA PRADESH,BHIND,4878.0,4794.0,4986.0,3952.0,16.9,2023-24,HCES 2023-24 district fractile summary (GitHub/MoSPI)
JAMMU AND KASHMIR,BADGAM,4876.0,4271.0,6822.0,4233.0,16.8,2023-24,HCES 2023-24 district fractile summary (GitHub/MoSPI)
MADHYA PRADESH,SEHORE,4863.0,4866.0,4841.0,3753.0,16.8,2023-24,HCES 2023-24 district fractile summary (GitHub/MoSPI)
TELANGANA,ADILABAD,4858.0,4383.0,5845.0,4386.0,16.7,2023-24,HCES 2023-24 district fractile summary (GitHub/MoSPI)
ASSAM,CACHAR,4842.0,4163.0,6935.0,4021.0,16.6,2023-24,HCES 2023-24 district fractile summary (GitHub/MoSPI)
ODISHA,SUBARNAPUR,4836.0,4733.0,9019.0,4192.0,16.6,2023-24,HCES 2023-24 district fractile summary (GitHub/MoSPI)
ODISHA,KENDUJHAR,4832.0,4554.0,6632.0,3954.0,16.6,2023-24,HCES 2023-24 district fractile summary (GitHub/MoSPI)
BIHAR,KHAGARIA,4823.0,4823.0,0,4261.0,16.5,2023-24,HCES 2023-24 district fractile summary (GitHub/MoSPI)
MEGHALAYA,RIBHOI,4813.0,4650.0,7459.0,4127.0,16.4,2023-24,HCES 2023-24 district fractile summary (GitHub/MoSPI)
MADHYA PRADESH,SHAHDOL,4797.0,4006.0,6235.0,4076.0,16.3,2023-24,HCES 2023-24 district fractile summary (GitHub/MoSPI)
MADHYA PRADESH,JABALPUR,4795.0,3419.0,6321.0,3605.0,16.3,2023-24,HCES 2023-24 district fractile summary (GitHub/MoSPI)
ASSAM,DARRANG,4792.0,4237.0,8777.0,4273.0,16.3,2023-24,HCES 2023-24 district fractile summary (GitHub/MoSPI)
KARNATAKA,BAGALKOT,4783.0,4292.0,5240.0,4134.0,16.2,2023-24,HCES 2023-24 district fractile summary (GitHub/MoSPI)
JHARKHAND,DEOGHAR,4782.0,3224.0,8398.0,3919.0,16.2,2023-24,HCES 2023-24 district fractile summary (GitHub/MoSPI)
UTTAR PRADESH,SULTANPUR,4766.0,4508.0,8228.0,3516.0,16.1,2023-24,HCES 2023-24 district fractile summary (GitHub/MoSPI)
UTTAR PRADESH,FAIZABAD,4763.0,4494.0,6175.0,3504.0,16.1,2023-24,HCES 2023-24 district fractile summary (GitHub/MoSPI)
JHARKHAND,RAMGARH,4758.0,3997.0,5929.0,3804.0,16.1,2023-24,HCES 2023-24 district fractile summary (GitHub/MoSPI)
RAJASTHAN,SIROHI,4734.0,4116.0,6087.0,3306.0,15.9,2023-24,HCES 2023-24 district fractile summary (GitHub/MoSPI)
ASSAM,CHIRANG,4734.0,4579.0,6406.0,4308.0,15.9,2023-24,HCES 2023-24 district fractile summary (GitHub/MoSPI)
BIHAR,PURBA CHAMPARAN,4733.0,4512.0,6561.0,3861.0,15.9,2023-24,HCES 2023-24 district fractile summary (GitHub/MoSPI)
BIHAR,SIWAN,4728.0,4309.0,7305.0,3894.0,15.9,2023-24,HCES 2023-24 district fractile summary (GitHub/MoSPI)
ODISHA,BALESHWAR,4701.0,4617.0,5631.0,3836.0,15.7,2023-24,HCES 2023-24 district fractile summary (GitHub/MoSPI)
RAJASTHAN,BARAN,4700.0,4552.0,5074.0,3806.0,15.7,2023-24,HCES 2023-24 district fractile summary (GitHub/MoSPI)
UTTAR PRADESH,BAHRAICH,4700.0,4111.0,6486.0,3964.0,15.7,2023-24,HCES 2023-24 district fractile summary (GitHub/MoSPI)
PUDUCHERRY,YANAM,4691.0,0,4691.0,1888.0,15.7,2023-24,HCES 2023-24 district fractile summary (GitHub/MoSPI)
UTTAR PRADESH,JALAUN,4690.0,4269.0,5468.0,3775.0,15.6,2023-24,HCES 2023-24 district fractile summary (GitHub/MoSPI)
MADHYA PRADESH,RATLAM,4677.0,2956.0,7006.0,3422.0,15.6,2023-24,HCES 2023-24 district fractile summary (GitHub/MoSPI)
KARNATAKA,HAVERI,4668.0,4699.0,4214.0,3825.0,15.5,2023-24,HCES 2023-24 district fractile summary (GitHub/MoSPI)
BIHAR,BANKA,4667.0,4668.0,4642.0,4076.0,15.5,2023-24,HCES 2023-24 district fractile summary (GitHub/MoSPI)
GUJARAT,SURENDRANAGAR,4664.0,4403.0,5456.0,3767.0,15.5,2023-24,HCES 2023-24 district fractile summary (GitHub/MoSPI)
NAGALAND,MON,4657.0,4179.0,6899.0,4168.0,15.4,2023-24,HCES 2023-24 district fractile summary (GitHub/MoSPI)
TELANGANA,MEDAK,4657.0,4494.0,5572.0,4292.0,15.4,2023-24,HCES 2023-24 district fractile summary (GitHub/MoSPI)
ASSAM,SONITPUR,4650.0,4411.0,9557.0,3800.0,15.4,2023-24,HCES 2023-24 district fractile summary (GitHub/MoSPI)
BIHAR,SAHARSA,4648.0,4559.0,5839.0,4048.0,15.4,2023-24,HCES 2023-24 district fractile summary (GitHub/MoSPI)
RAJASTHAN,BUNDI,4647.0,4406.0,4909.0,4104.0,15.4,2023-24,HCES 2023-24 district fractile summary (GitHub/MoSPI)
BIHAR,GOPALGANJ,4646.0,4635.0,5314.0,3772.0,15.4,2023-24,HCES 2023-24 district fractile summary (GitHub/MoSPI)
JAMMU AND KASHMIR,RAJOURI,4640.0,4563.0,5707.0,3901.0,15.3,2023-24,HCES 2023-24 district fractile summary (GitHub/MoSPI)
RAJASTHAN,SAWAI MADHOPUR,4633.0,4567.0,5453.0,3808.0,15.3,2023-24,HCES 2023-24 district fractile summary (GitHub/MoSPI)
RAJASTHAN,DHAULPUR,4623.0,4451.0,5414.0,3733.0,15.2,2023-24,HCES 2023-24 district fractile summary (GitHub/MoSPI)
BIHAR,MADHEPURA,4619.0,4538.0,5311.0,3904.0,15.2,2023-24,HCES 2023-24 district fractile summary (GitHub/MoSPI)
WEST BENGAL,MURSHIDABAD,4609.0,4040.0,5985.0,3866.0,15.1,2023-24,HCES 2023-24 district fractile summary (GitHub/MoSPI)
UTTAR PRADESH,BIJNOR,4589.0,4510.0,4931.0,3617.0,15.0,2023-24,HCES 2023-24 district fractile summary (GitHub/MoSPI)
UTTAR PRADESH,AGRA,4581.0,3629.0,5300.0,3588.0,14.9,2023-24,HCES 2023-24 district fractile summary (GitHub/MoSPI)
MAHARASHTRA,JALNA,4566.0,4611.0,4330.0,3512.0,14.9,2023-24,HCES 2023-24 district fractile summary (GitHub/MoSPI)
TELANGANA,NIZAMABAD,4561.0,4144.0,7219.0,4008.0,14.8,2023-24,HCES 2023-24 district fractile summary (GitHub/MoSPI)
BIHAR,SHEIKHPURA,4558.0,4173.0,5822.0,3864.0,14.8,2023-24,HCES 2023-24 district fractile summary (GitHub/MoSPI)
UTTAR PRADESH,KANPUR DEHAT,4550.0,4183.0,6171.0,3745.0,14.8,2023-24,HCES 2023-24 district fractile summary (GitHub/MoSPI)
MAHARASHTRA,WASHIM,4549.0,4178.0,6722.0,3942.0,14.7,2023-24,HCES 2023-24 district fractile summary (GitHub/MoSPI)
MANIPUR,SENAPATI,4543.0,4543.0,0,3754.0,14.7,2023-24,HCES 2023-24 district fractile summary (GitHub/MoSPI)
UTTAR PRADESH,MORADABAD,4535.0,4424.0,4950.0,3673.0,14.7,2023-24,HCES 2023-24 district fractile summary (GitHub/MoSPI)
ASSAM,KAMRUP,4531.0,4290.0,6543.0,4015.0,14.6,2023-24,HCES 2023-24 district fractile summary (GitHub/MoSPI)
JAMMU AND KASHMIR,RAMBAN,4530.0,4530.0,0,4171.0,14.6,2023-24,HCES 2023-24 district fractile summary (GitHub/MoSPI)
RAJASTHAN,JHALAWAR,4530.0,4468.0,5029.0,3735.0,14.6,2023-24,HCES 2023-24 district fractile summary (GitHub/MoSPI)
MAHARASHTRA,BHANDARA,4529.0,4529.0,0,2845.0,14.6,2023-24,HCES 2023-24 district fractile summary (GitHub/MoSPI)
MADHYA PRADESH,VIDISHA,4524.0,3456.0,5380.0,3599.0,14.6,2023-24,HCES 2023-24 district fractile summary (GitHub/MoSPI)
MADHYA PRADESH,MORENA,4506.0,4204.0,5321.0,3772.0,14.5,2023-24,HCES 2023-24 district fractile summary (GitHub/MoSPI)
WEST BENGAL,PASCHIM MEDINIPUR,4487.0,4171.0,6596.0,3698.0,14.3,2023-24,HCES 2023-24 district fractile summary (GitHub/MoSPI)
GUJARAT,AMRELI,4485.0,4010.0,5650.0,3581.0,14.3,2023-24,HCES 2023-24 district fractile summary (GitHub/MoSPI)
WEST BENGAL,BIRBHUM,4476.0,4343.0,5767.0,3880.0,14.3,2023-24,HCES 2023-24 district fractile summary (GitHub/MoSPI)
ASSAM,BARPETA,4462.0,4265.0,6311.0,3854.0,14.2,2023-24,HCES 2023-24 district fractile summary (GitHub/MoSPI)
JAMMU AND KASHMIR,PUNCH,4458.0,4212.0,6414.0,3808.0,14.2,2023-24,HCES 2023-24 district fractile summary (GitHub/MoSPI)
UTTAR PRADESH,HAMIRPUR,4458.0,4458.0,0,3995.0,14.2,2023-24,HCES 2023-24 district fractile summary (GitHub/MoSPI)
MEGHALAYA,SOUTH GARO HILLS,4458.0,4211.0,7066.0,3839.0,14.2,2023-24,HCES 2023-24 district fractile summary (GitHub/MoSPI)
MADHYA PRADESH,BALAGHAT,4451.0,3485.0,6830.0,3464.0,14.1,2023-24,HCES 2023-24 district fractile summary (GitHub/MoSPI)
BIHAR,PASHCHIM CHAMPARAN,4436.0,4238.0,5825.0,3600.0,14.0,2023-24,HCES 2023-24 district fractile summary (GitHub/MoSPI)
UTTAR PRADESH,JYOTIBA PHULE NAGAR,4431.0,4288.0,4919.0,3759.0,14.0,2023-24,HCES 2023-24 district fractile summary (GitHub/MoSPI)
MAHARASHTRA,BULDANA,4414.0,4503.0,3681.0,3541.0,13.9,2023-24,HCES 2023-24 district fractile summary (GitHub/MoSPI)
JHARKHAND,PALAMU,4412.0,3929.0,6147.0,3974.0,13.9,2023-24,HCES 2023-24 district fractile summary (GitHub/MoSPI)
ODISHA,MAYURBHANJ,4387.0,4160.0,6163.0,3304.0,13.7,2023-24,HCES 2023-24 district fractile summary (GitHub/MoSPI)
MANIPUR,CHURACHANDPUR,4381.0,4381.0,0,3521.0,13.7,2023-24,HCES 2023-24 district fractile summary (GitHub/MoSPI)
ASSAM,GOALPARA,4371.0,4168.0,6133.0,3847.0,13.6,2023-24,HCES 2023-24 district fractile summary (GitHub/MoSPI)
BIHAR,SUPAUL,4366.0,4366.0,0,3934.0,13.6,2023-24,HCES 2023-24 district fractile summary (GitHub/MoSPI)
MEGHALAYA,WEST KHASI HILLS,4357.0,4189.0,9129.0,3631.0,13.5,2023-24,HCES 2023-24 district fractile summary (GitHub/MoSPI)
WEST BENGAL,NADIA,4353.0,3973.0,5400.0,3360.0,13.5,2023-24,HCES 2023-24 district fractile summary (GitHub/MoSPI)
UTTAR PRADESH,BULANDSHAHR,4342.0,4016.0,5051.0,3866.0,13.4,2023-24,HCES 2023-24 district fractile summary (GitHub/MoSPI)
UTTAR PRADESH,GORAKHPUR,4341.0,3973.0,6309.0,3345.0,13.4,2023-24,HCES 2023-24 district fractile summary (GitHub/MoSPI)
BIHAR,LAKHISARAI,4340.0,4308.0,5205.0,3589.0,13.4,2023-24,HCES 2023-24 district fractile summary (GitHub/MoSPI)
MADHYA PRADESH,NARSIMHAPUR,4338.0,4279.0,4551.0,3603.0,13.4,2023-24,HCES 2023-24 district fractile summary (GitHub/MoSPI)
UTTAR PRADESH,BALLIA,4331.0,4308.0,5615.0,3673.0,13.3,2023-24,HCES 2023-24 district fractile summary (GitHub/MoSPI)
MADHYA PRADESH,RAJGARH,4322.0,4185.0,5114.0,3171.0,13.3,2023-24,HCES 2023-24 district fractile summary (GitHub/MoSPI)
BIHAR,BEGUSARAI,4316.0,4249.0,5163.0,3725.0,13.2,2023-24,HCES 2023-24 district fractile summary (GitHub/MoSPI)
UTTAR PRADESH,BAREILLY,4307.0,3344.0,5977.0,3361.0,13.2,2023-24,HCES 2023-24 district fractile summary (GitHub/MoSPI)
MADHYA PRADESH,ANUPPUR,4301.0,3708.0,5512.0,3778.0,13.2,2023-24,HCES 2023-24 district fractile summary (GitHub/MoSPI)
UTTAR PRADESH,RAMPUR,4294.0,4047.0,4606.0,3556.0,13.1,2023-24,HCES 2023-24 district fractile summary (GitHub/MoSPI)
ASSAM,LAKHIMPUR,4292.0,4170.0,7315.0,3656.0,13.1,2023-24,HCES 2023-24 district fractile summary (GitHub/MoSPI)
ASSAM,NAGAON,4288.0,4085.0,6744.0,3682.0,13.1,2023-24,HCES 2023-24 district fractile summary (GitHub/MoSPI)
ASSAM,MORIGAON,4273.0,4273.0,0,3755.0,13.0,2023-24,HCES 2023-24 district fractile summary (GitHub/MoSPI)
ODISHA,NAYAGARH,4272.0,4272.0,0,3532.0,13.0,2023-24,HCES 2023-24 district fractile summary (GitHub/MoSPI)
RAJASTHAN,RAJSAMAND,4266.0,4327.0,3227.0,3144.0,12.9,2023-24,HCES 2023-24 district fractile summary (GitHub/MoSPI)
MADHYA PRADESH,NEEMUCH,4265.0,3941.0,4739.0,3716.0,12.9,2023-24,HCES 2023-24 district fractile summary (GitHub/MoSPI)
MADHYA PRADESH,HOSHANGABAD,4265.0,4206.0,4468.0,3390.0,12.9,2023-24,HCES 2023-24 district fractile summary (GitHub/MoSPI)
UTTAR PRADESH,BASTI,4260.0,4280.0,3305.0,3237.0,12.9,2023-24,HCES 2023-24 district fractile summary (GitHub/MoSPI)
ASSAM,DHEMAJI,4254.0,4016.0,7200.0,3778.0,12.9,2023-24,HCES 2023-24 district fractile summary (GitHub/MoSPI)
ASSAM,BAKSA,4247.0,4247.0,0,3793.0,12.8,2023-24,HCES 2023-24 district fractile summary (GitHub/MoSPI)
ODISHA,RAYAGADA,4243.0,2786.0,6785.0,3013.0,12.8,2023-24,HCES 2023-24 district fractile summary (GitHub/MoSPI)
BIHAR,JEHANABAD,4241.0,4091.0,6776.0,2862.0,12.8,2023-24,HCES 2023-24 district fractile summary (GitHub/MoSPI)
ASSAM,DHUBRI,4237.0,4034.0,5120.0,3673.0,12.7,2023-24,HCES 2023-24 district fractile summary (GitHub/MoSPI)
BIHAR,JAMUI,4235.0,4196.0,4566.0,3528.0,12.7,2023-24,HCES 2023-24 district fractile summary (GitHub/MoSPI)
UTTAR PRADESH,VARANASI,4233.0,3454.0,5039.0,3460.0,12.7,2023-24,HCES 2023-24 district fractile summary (GitHub/MoSPI)
BIHAR,PURNIA,4229.0,3736.0,6010.0,3558.0,12.7,2023-24,HCES 2023-24 district fractile summary (GitHub/MoSPI)
ASSAM,KARIMGANJ,4213.0,3972.0,6285.0,3527.0,12.6,2023-24,HCES 2023-24 district fractile summary (GitHub/MoSPI)
MADHYA PRADESH,MANDSAUR,4210.0,3445.0,5864.0,3337.0,12.6,2023-24,HCES 2023-24 district fractile summary (GitHub/MoSPI)
GUJARAT,PATAN,4207.0,4011.0,6597.0,3348.0,12.5,2023-24,HCES 2023-24 district fractile summary (GitHub/MoSPI)
WEST BENGAL,DAKSHIN DINAJPUR,4203.0,4203.0,0,3482.0,12.5,2023-24,HCES 2023-24 district fractile summary (GitHub/MoSPI)
MADHYA PRADESH,DEWAS,4201.0,3698.0,5490.0,3473.0,12.5,2023-24,HCES 2023-24 district fractile summary (GitHub/MoSPI)
MEGHALAYA,JAINTIA HILLS,4199.0,4111.0,6622.0,3503.0,12.5,2023-24,HCES 2023-24 district fractile summary (GitHub/MoSPI)
UTTAR PRADESH,MAHOBA,4198.0,4087.0,4800.0,3686.0,12.5,2023-24,HCES 2023-24 district fractile summary (GitHub/MoSPI)
WEST BENGAL,JALPAIGURI,4184.0,3852.0,4999.0,3645.0,12.4,2023-24,HCES 2023-24 district fractile summary (GitHub/MoSPI)
GUJARAT,PANCH MAHALS,4172.0,3909.0,7636.0,3460.0,12.3,2023-24,HCES 2023-24 district fractile summary (GitHub/MoSPI)
MAHARASHTRA,GONDIYA,4168.0,3705.0,6196.0,2608.0,12.3,2023-24,HCES 2023-24 district fractile summary (GitHub/MoSPI)
MADHYA PRADESH,SAGAR,4147.0,3600.0,5419.0,3379.0,12.2,2023-24,HCES 2023-24 district fractile summary (GitHub/MoSPI)
UTTAR PRADESH,MAHAMAYA NAGAR,4136.0,3724.0,4831.0,3619.0,12.1,2023-24,HCES 2023-24 district fractile summary (GitHub/MoSPI)
MAHARASHTRA,BID,4127.0,3919.0,4815.0,3493.0,12.0,2023-24,HCES 2023-24 district fractile summary (GitHub/MoSPI)
UTTAR PRADESH,KHERI,4126.0,3947.0,6245.0,3509.0,12.0,2023-24,HCES 2023-24 district fractile summary (GitHub/MoSPI)
ASSAM,KOKRAJHAR,4120.0,3786.0,6293.0,3733.0,12.0,2023-24,HCES 2023-24 district fractile summary (GitHub/MoSPI)
UTTAR PRADESH,HARDOI,4114.0,3882.0,5295.0,3359.0,12.0,2023-24,HCES 2023-24 district fractile summary (GitHub/MoSPI)
CHHATTISGARH,RAIGARH,4108.0,3295.0,5796.0,3535.0,11.9,2023-24,HCES 2023-24 district fractile summary (GitHub/MoSPI)
ODISHA,ANUGUL,4101.0,3285.0,6180.0,3506.0,11.9,2023-24,HCES 2023-24 district fractile summary (GitHub/MoSPI)
UTTAR PRADESH,ETAH,4098.0,3714.0,6072.0,3756.0,11.8,2023-24,HCES 2023-24 district fractile summary (GitHub/MoSPI)
ODISHA,PURI,4093.0,4061.0,4359.0,3455.0,11.8,2023-24,HCES 2023-24 district fractile summary (GitHub/MoSPI)
UTTAR PRADESH,SITAPUR,4092.0,3827.0,5214.0,3366.0,11.8,2023-24,HCES 2023-24 district fractile summary (GitHub/MoSPI)
UTTAR PRADESH,FIROZABAD,4087.0,3750.0,4911.0,3477.0,11.8,2023-24,HCES 2023-24 district fractile summary (GitHub/MoSPI)
BIHAR,MADHUBANI,4085.0,4068.0,4512.0,3698.0,11.8,2023-24,HCES 2023-24 district fractile summary (GitHub/MoSPI)
MADHYA PRADESH,DHAR,4059.0,3848.0,5908.0,3554.0,11.6,2023-24,HCES 2023-24 district fractile summary (GitHub/MoSPI)
UTTAR PRADESH,SIDDHARTHNAGAR,4051.0,3961.0,5207.0,2801.0,11.5,2023-24,HCES 2023-24 district fractile summary (GitHub/MoSPI)
MAHARASHTRA,PARBHANI,4044.0,3922.0,4244.0,3366.0,11.5,2023-24,HCES 2023-24 district fractile summary (GitHub/MoSPI)
CHHATTISGARH,BASTAR,4037.0,2730.0,6168.0,2944.0,11.5,2023-24,HCES 2023-24 district fractile summary (GitHub/MoSPI)
MAHARASHTRA,HINGOLI,4037.0,4010.0,5160.0,3491.0,11.5,2023-24,HCES 2023-24 district fractile summary (GitHub/MoSPI)
BIHAR,KATIHAR,4023.0,3857.0,5244.0,3420.0,11.4,2023-24,HCES 2023-24 district fractile summary (GitHub/MoSPI)
JAMMU AND KASHMIR,BARAMULA,4016.0,3955.0,4700.0,3332.0,11.3,2023-24,HCES 2023-24 district fractile summary (GitHub/MoSPI)
BIHAR,SITAMARHI,4004.0,3991.0,4351.0,3464.0,11.2,2023-24,HCES 2023-24 district fractile summary (GitHub/MoSPI)
ODISHA,JAGATSINGHAPUR,3997.0,3807.0,5185.0,3456.0,11.2,2023-24,HCES 2023-24 district fractile summary (GitHub/MoSPI)
JHARKHAND,GARHWA,3990.0,3769.0,5083.0,3376.0,11.2,2023-24,HCES 2023-24 district fractile summary (GitHub/MoSPI)
CHHATTISGARH,RAJNANDGAON,3987.0,3310.0,7944.0,3236.0,11.1,2023-24,HCES 2023-24 district fractile summary (GitHub/MoSPI)
UTTAR PRADESH,MAU,3974.0,4003.0,3886.0,3382.0,11.1,2023-24,HCES 2023-24 district fractile summary (GitHub/MoSPI)
ASSAM,HAILAKANDI,3974.0,3588.0,6468.0,3282.0,11.1,2023-24,HCES 2023-24 district fractile summary (GitHub/MoSPI)
WEST BENGAL,BARDDHAMAN,3968.0,3698.0,5730.0,3271.0,11.0,2023-24,HCES 2023-24 district fractile summary (GitHub/MoSPI)
UTTAR PRADESH,JAUNPUR,3962.0,3938.0,4527.0,3536.0,11.0,2023-24,HCES 2023-24 district fractile summary (GitHub/MoSPI)
UTTAR PRADESH,SHRAWASTI,3958.0,3958.0,0,3302.0,11.0,2023-24,HCES 2023-24 district fractile summary (GitHub/MoSPI)
ODISHA,DHENKANAL,3954.0,3656.0,5181.0,3083.0,10.9,2023-24,HCES 2023-24 district fractile summary (GitHub/MoSPI)
ODISHA,JAJAPUR,3949.0,3290.0,5987.0,3360.0,10.9,2023-24,HCES 2023-24 district fractile summary (GitHub/MoSPI)
MADHYA PRADESH,SIDHI,3947.0,3864.0,4567.0,3572.0,10.9,2023-24,HCES 2023-24 district fractile summary (GitHub/MoSPI)
BIHAR,GAYA,3929.0,3611.0,5139.0,3073.0,10.8,2023-24,HCES 2023-24 district fractile summary (GitHub/MoSPI)
UTTAR PRADESH,KANSHIRAM NAGAR,3927.0,3698.0,5061.0,3447.0,10.8,2023-24,HCES 2023-24 district fractile summary (GitHub/MoSPI)
BIHAR,ARARIA,3905.0,3774.0,6078.0,3367.0,10.6,2023-24,HCES 2023-24 district fractile summary (GitHub/MoSPI)
ODISHA,KORAPUT,3902.0,2842.0,5440.0,2887.0,10.6,2023-24,HCES 2023-24 district fractile summary (GitHub/MoSPI)
UTTAR PRADESH,SONBHADRA,3895.0,3187.0,6017.0,3219.0,10.5,2023-24,HCES 2023-24 district fractile summary (GitHub/MoSPI)
UTTAR PRADESH,FATEHPUR,3894.0,3499.0,5183.0,3301.0,10.5,2023-24,HCES 2023-24 district fractile summary (GitHub/MoSPI)
BIHAR,KAIMUR (BHABUA),3891.0,3834.0,4795.0,3140.0,10.5,2023-24,HCES 2023-24 district fractile summary (GitHub/MoSPI)
UTTAR PRADESH,LALITPUR,3890.0,3903.0,3805.0,3397.0,10.5,2023-24,HCES 2023-24 district fractile summary (GitHub/MoSPI)
JHARKHAND,LOHARDAGA,3890.0,3166.0,5501.0,3665.0,10.5,2023-24,HCES 2023-24 district fractile summary (GitHub/MoSPI)
BIHAR,KISHANGANJ,3884.0,3888.0,3784.0,3590.0,10.5,2023-24,HCES 2023-24 district fractile summary (GitHub/MoSPI)
MADHYA PRADESH,GUNA,3882.0,3712.0,4113.0,3066.0,10.5,2023-24,HCES 2023-24 district fractile summary (GitHub/MoSPI)
JHARKHAND,KODARMA,3874.0,3592.0,4591.0,2978.0,10.4,2023-24,HCES 2023-24 district fractile summary (GitHub/MoSPI)
UTTAR PRADESH,GONDA,3871.0,3787.0,5316.0,3335.0,10.4,2023-24,HCES 2023-24 district fractile summary (GitHub/MoSPI)
RAJASTHAN,DUNGARPUR,3870.0,3391.0,6748.0,2955.0,10.4,2023-24,HCES 2023-24 district fractile summary (GitHub/MoSPI)
UTTAR PRADESH,DEORIA,3862.0,3872.0,3263.0,3468.0,10.3,2023-24,HCES 2023-24 district fractile summary (GitHub/MoSPI)
BIHAR,BHOJPUR,3850.0,3490.0,5471.0,3165.0,10.3,2023-24,HCES 2023-24 district fractile summary (GitHub/MoSPI)
UTTAR PRADESH,KUSHINAGAR,3840.0,3644.0,5281.0,3294.0,10.2,2023-24,HCES 2023-24 district fractile summary (GitHub/MoSPI)
BIHAR,DARBHANGA,3839.0,3737.0,4453.0,3381.0,10.2,2023-24,HCES 2023-24 district fractile summary (GitHub/MoSPI)
UTTAR PRADESH,SANT KABIR NAGAR,3838.0,3757.0,4487.0,3164.0,10.2,2023-24,HCES 2023-24 district fractile summary (GitHub/MoSPI)
JAMMU AND KASHMIR,KUPWARA,3836.0,3568.0,4879.0,3166.0,10.2,2023-24,HCES 2023-24 district fractile summary (GitHub/MoSPI)
BIHAR,SHEOHAR,3835.0,3835.0,0,3475.0,10.2,2023-24,HCES 2023-24 district fractile summary (GitHub/MoSPI)
CHHATTISGARH,MAHASAMUND,3835.0,3568.0,9311.0,2999.0,10.2,2023-24,HCES 2023-24 district fractile summary (GitHub/MoSPI)
UTTAR PRADESH,SHAHJAHANPUR,3830.0,3355.0,5152.0,2979.0,10.1,2023-24,HCES 2023-24 district fractile summary (GitHub/MoSPI)
ODISHA,GANJAM,3824.0,3702.0,4924.0,2842.0,10.1,2023-24,HCES 2023-24 district fractile summary (GitHub/MoSPI)
UTTAR PRADESH,BALRAMPUR,3804.0,3810.0,3617.0,3342.0,10.0,2023-24,HCES 2023-24 district fractile summary (GitHub/MoSPI)
KARNATAKA,GULBARGA,3803.0,3453.0,4399.0,3213.0,10.0,2023-24,HCES 2023-24 district fractile summary (GitHub/MoSPI)
JHARKHAND,LATEHAR,3797.0,3666.0,4514.0,3185.0,9.9,2023-24,HCES 2023-24 district fractile summary (GitHub/MoSPI)
CHHATTISGARH,KORIYA,3794.0,3498.0,4703.0,2857.0,9.9,2023-24,HCES 2023-24 district fractile summary (GitHub/MoSPI)
GUJARAT,DOHAD,3792.0,3639.0,7939.0,3380.0,9.9,2023-24,HCES 2023-24 district fractile summary (GitHub/MoSPI)
MADHYA PRADESH,SEONI,3785.0,3682.0,5505.0,3369.0,9.8,2023-24,HCES 2023-24 district fractile summary (GitHub/MoSPI)
MADHYA PRADESH,KATNI,3784.0,2919.0,5852.0,3107.0,9.8,2023-24,HCES 2023-24 district fractile summary (GitHub/MoSPI)
BIHAR,SAMASTIPUR,3779.0,3742.0,5692.0,3362.0,9.8,2023-24,HCES 2023-24 district fractile summary (GitHub/MoSPI)
UTTAR PRADESH,KANNAUJ,3776.0,3584.0,4017.0,3246.0,9.8,2023-24,HCES 2023-24 district fractile summary (GitHub/MoSPI)
GUJARAT,NARMADA,3776.0,3776.0,0,3299.0,9.8,2023-24,HCES 2023-24 district fractile summary (GitHub/MoSPI)
UTTAR PRADESH,MAHRAJGANJ,3768.0,3674.0,4861.0,3274.0,9.7,2023-24,HCES 2023-24 district fractile summary (GitHub/MoSPI)
MADHYA PRADESH,SHEOPUR,3749.0,3542.0,4413.0,3446.0,9.6,2023-24,HCES 2023-24 district fractile summary (GitHub/MoSPI)
UTTAR PRADESH,UNNAO,3742.0,3263.0,5339.0,2768.0,9.6,2023-24,HCES 2023-24 district fractile summary (GitHub/MoSPI)
UTTAR PRADESH,AZAMGARH,3739.0,3727.0,3870.0,3366.0,9.5,2023-24,HCES 2023-24 district fractile summary (GitHub/MoSPI)
ODISHA,DEBAGARH,3731.0,3731.0,0,3399.0,9.5,2023-24,HCES 2023-24 district fractile summary (GitHub/MoSPI)
RAJASTHAN,BANSWARA,3710.0,2730.0,6264.0,3040.0,9.4,2023-24,HCES 2023-24 district fractile summary (GitHub/MoSPI)
BIHAR,BUXAR,3710.0,3622.0,4533.0,3246.0,9.4,2023-24,HCES 2023-24 district fractile summary (GitHub/MoSPI)
MADHYA PRADESH,SHAJAPUR,3708.0,3375.0,5191.0,3144.0,9.3,2023-24,HCES 2023-24 district fractile summary (GitHub/MoSPI)
UTTAR PRADESH,ETAWAH,3705.0,3695.0,3788.0,3086.0,9.3,2023-24,HCES 2023-24 district fractile summary (GitHub/MoSPI)
JHARKHAND,KHUNTI,3698.0,2364.0,7153.0,2790.0,9.3,2023-24,HCES 2023-24 district fractile summary (GitHub/MoSPI)
UTTAR PRADESH,AMBEDKAR NAGAR,3672.0,3313.0,5043.0,2845.0,9.1,2023-24,HCES 2023-24 district fractile summary (GitHub/MoSPI)
CHHATTISGARH,BILASPUR,3653.0,2971.0,4784.0,2944.0,9.0,2023-24,HCES 2023-24 district fractile summary (GitHub/MoSPI)
BIHAR,ARWAL,3648.0,3674.0,3469.0,3120.0,9.0,2023-24,HCES 2023-24 district fractile summary (GitHub/MoSPI)
CHHATTISGARH,KORBA,3648.0,2794.0,4593.0,3064.0,9.0,2023-24,HCES 2023-24 district fractile summary (GitHub/MoSPI)
ASSAM,KARBI ANGLONG,3644.0,3453.0,5669.0,3224.0,8.9,2023-24,HCES 2023-24 district fractile summary (GitHub/MoSPI)
BIHAR,NALANDA,3629.0,3512.0,4131.0,2976.0,8.8,2023-24,HCES 2023-24 district fractile summary (GitHub/MoSPI)
BIHAR,SARAN,3626.0,3622.0,3912.0,3068.0,8.8,2023-24,HCES 2023-24 district fractile summary (GitHub/MoSPI)
JHARKHAND,GIRIDIH,3615.0,3615.0,0,2893.0,8.7,2023-24,HCES 2023-24 district fractile summary (GitHub/MoSPI)
UTTAR PRADESH,PRATAPGARH,3607.0,3493.0,5770.0,2610.0,8.7,2023-24,HCES 2023-24 district fractile summary (GitHub/MoSPI)
KARNATAKA,BIDAR,3603.0,3240.0,4887.0,3184.0,8.7,2023-24,HCES 2023-24 district fractile summary (GitHub/MoSPI)
UTTAR PRADESH,RAE BARELI,3591.0,3577.0,4182.0,3070.0,8.6,2023-24,HCES 2023-24 district fractile summary (GitHub/MoSPI)
BIHAR,NAWADA,3580.0,3117.0,5549.0,3140.0,8.5,2023-24,HCES 2023-24 district fractile summary (GitHub/MoSPI)
UTTAR PRADESH,CHITRAKOOT,3579.0,3384.0,5260.0,3063.0,8.5,2023-24,HCES 2023-24 district fractile summary (GitHub/MoSPI)
ODISHA,KALAHANDI,3553.0,3553.0,0,2719.0,8.4,2023-24,HCES 2023-24 district fractile summary (GitHub/MoSPI)
ODISHA,KENDRAPARA,3550.0,3436.0,5388.0,3065.0,8.3,2023-24,HCES 2023-24 district fractile summary (GitHub/MoSPI)
MAHARASHTRA,NANDURBAR,3540.0,3567.0,2941.0,2727.0,8.3,2023-24,HCES 2023-24 district fractile summary (GitHub/MoSPI)
JAMMU AND KASHMIR,BANDIPORE,3535.0,3394.0,4051.0,2894.0,8.2,2023-24,HCES 2023-24 district fractile summary (GitHub/MoSPI)
MADHYA PRADESH,DAMOH,3512.0,3469.0,4234.0,3083.0,8.1,2023-24,HCES 2023-24 district fractile summary (GitHub/MoSPI)
CHHATTISGARH,SURGUJA,3490.0,2693.0,6808.0,2740.0,7.9,2023-24,HCES 2023-24 district fractile summary (GitHub/MoSPI)
UTTAR PRADESH,FARRUKHABAD,3476.0,3452.0,4241.0,3120.0,7.9,2023-24,HCES 2023-24 district fractile summary (GitHub/MoSPI)
UTTAR PRADESH,PILIBHIT,3473.0,3249.0,4756.0,2925.0,7.8,2023-24,HCES 2023-24 district fractile summary (GitHub/MoSPI)
UTTAR PRADESH,BARA BANKI,3468.0,3248.0,5270.0,2799.0,7.8,2023-24,HCES 2023-24 district fractile summary (GitHub/MoSPI)
MADHYA PRADESH,UMARIA,3460.0,3460.0,0,3085.0,7.8,2023-24,HCES 2023-24 district fractile summary (GitHub/MoSPI)
UTTAR PRADESH,BUDAUN,3453.0,3206.0,5107.0,2873.0,7.7,2023-24,HCES 2023-24 district fractile summary (GitHub/MoSPI)
RAJASTHAN,PRATAPGARH,3452.0,3452.0,0,2377.0,7.7,2023-24,HCES 2023-24 district fractile summary (GitHub/MoSPI)
CHHATTISGARH,DHAMTARI,3437.0,3106.0,4444.0,2857.0,7.6,2023-24,HCES 2023-24 district fractile summary (GitHub/MoSPI)
UTTAR PRADESH,BANDA,3419.0,3111.0,6463.0,2927.0,7.5,2023-24,HCES 2023-24 district fractile summary (GitHub/MoSPI)
UTTAR PRADESH,MIRZAPUR,3393.0,3230.0,4524.0,2929.0,7.3,2023-24,HCES 2023-24 district fractile summary (GitHub/MoSPI)
JHARKHAND,SAHIBGANJ,3391.0,3015.0,5759.0,2807.0,7.3,2023-24,HCES 2023-24 district fractile summary (GitHub/MoSPI)
JHARKHAND,PASHCHIMI SINGHBHUM,3379.0,3263.0,8353.0,2736.0,7.2,2023-24,HCES 2023-24 district fractile summary (GitHub/MoSPI)
ODISHA,KANDHAMAL,3379.0,3433.0,2863.0,2267.0,7.2,2023-24,HCES 2023-24 district fractile summary (GitHub/MoSPI)
UTTAR PRADESH,GHAZIPUR,3372.0,3336.0,4061.0,2929.0,7.2,2023-24,HCES 2023-24 district fractile summary (GitHub/MoSPI)
UTTAR PRADESH,CHANDAULI,3370.0,3336.0,3627.0,2880.0,7.2,2023-24,HCES 2023-24 district fractile summary (GitHub/MoSPI)
JHARKHAND,GODDA,3351.0,3351.0,0,2627.0,7.1,2023-24,HCES 2023-24 district fractile summary (GitHub/MoSPI)
MADHYA PRADESH,BETUL,3337.0,2934.0,6934.0,2792.0,7.0,2023-24,HCES 2023-24 district fractile summary (GitHub/MoSPI)
BIHAR,AURANGABAD,3315.0,3315.0,0,2805.0,6.8,2023-24,HCES 2023-24 district fractile summary (GitHub/MoSPI)
UTTAR PRADESH,SANT RAVIDAS NAGAR (BHADOHI),3281.0,3151.0,3805.0,2748.0,6.6,2023-24,HCES 2023-24 district fractile summary (GitHub/MoSPI)
JHARKHAND,CHATRA,3265.0,3265.0,0,2694.0,6.5,2023-24,HCES 2023-24 district fractile summary (GitHub/MoSPI)
UTTAR PRADESH,AURAIYA,3257.0,3110.0,3743.0,3016.0,6.5,2023-24,HCES 2023-24 district fractile summary (GitHub/MoSPI)
GUJARAT,THE DANGS,3246.0,3246.0,0,2883.0,6.4,2023-24,HCES 2023-24 district fractile summary (GitHub/MoSPI)
CHHATTISGARH,KABEERDHAM,3243.0,3107.0,4106.0,2834.0,6.4,2023-24,HCES 2023-24 district fractile summary (GitHub/MoSPI)
WEST BENGAL,PURULIYA,3227.0,3062.0,4557.0,2555.0,6.3,2023-24,HCES 2023-24 district fractile summary (GitHub/MoSPI)
MADHYA PRADESH,ASHOKNAGAR,3214.0,3140.0,3492.0,2522.0,6.2,2023-24,HCES 2023-24 district fractile summary (GitHub/MoSPI)
UTTAR PRADESH,KAUSHAMBI,3198.0,3203.0,3083.0,2546.0,6.1,2023-24,HCES 2023-24 district fractile summary (GitHub/MoSPI)
ODISHA,BHADRAK,3179.0,3138.0,3889.0,2812.0,6.0,2023-24,HCES 2023-24 district fractile summary (GitHub/MoSPI)
JHARKHAND,SIMDEGA,3135.0,3135.0,0,2123.0,5.7,2023-24,HCES 2023-24 district fractile summary (GitHub/MoSPI)
CHHATTISGARH,NARAYANPUR,3112.0,3112.0,0,2631.0,5.5,2023-24,HCES 2023-24 district fractile summary (GitHub/MoSPI)
WEST BENGAL,BANKURA,3091.0,3005.0,3694.0,2613.0,5.4,2023-24,HCES 2023-24 district fractile summary (GitHub/MoSPI)
MADHYA PRADESH,TIKAMGARH,3047.0,2926.0,3853.0,2795.0,5.1,2023-24,HCES 2023-24 district fractile summary (GitHub/MoSPI)
KARNATAKA,YADGIR,3029.0,2922.0,3973.0,2795.0,5.0,2023-24,HCES 2023-24 district fractile summary (GitHub/MoSPI)
MADHYA PRADESH,CHHATARPUR,2999.0,2650.0,3998.0,2633.0,4.8,2023-24,HCES 2023-24 district fractile summary (GitHub/MoSPI)
CHHATTISGARH,UTTAR BASTAR KANKER,2991.0,2991.0,0,2417.0,4.7,2023-24,HCES 2023-24 district fractile summary (GitHub/MoSPI)
CHHATTISGARH,JASHPUR,2987.0,2987.0,0,2603.0,4.7,2023-24,HCES 2023-24 district fractile summary (GitHub/MoSPI)
JHARKHAND,JAMTARA,2960.0,2755.0,4135.0,2621.0,4.5,2023-24,HCES 2023-24 district fractile summary (GitHub/MoSPI)
MADHYA PRADESH,SHIVPURI,2884.0,2853.0,3663.0,2448.0,4.1,2023-24,HCES 2023-24 district fractile summary (GitHub/MoSPI)
ODISHA,BAUDH,2812.0,2812.0,0,2091.0,3.6,2023-24,HCES 2023-24 district fractile summary (GitHub/MoSPI)
CHHATTISGARH,JANJGIR - CHAMPA,2792.0,2752.0,3727.0,2500.0,3.5,2023-24,HCES 2023-24 district fractile summary (GitHub/MoSPI)
ODISHA,MALKANGIRI,2762.0,2420.0,5962.0,2311.0,3.3,2023-24,HCES 2023-24 district fractile summary (GitHub/MoSPI)
JHARKHAND,PAKUR,2624.0,2624.0,0,2292.0,2.4,2023-24,HCES 2023-24 district fractile summary (GitHub/MoSPI)
MADHYA PRADESH,ALIRAJPUR,2565.0,2352.0,5311.0,2325.0,2.0,2023-24,HCES 2023-24 district fractile summary (GitHub/MoSPI)
ODISHA,NUAPADA,2524.0,2524.0,0,2326.0,1.7,2023-24,HCES 2023-24 district fractile summary (GitHub/MoSPI)
MADHYA PRADESH,DINDORI,2506.0,2506.0,0,2038.0,1.6,2023-24,HCES 2023-24 district fractile summary (GitHub/MoSPI)
ODISHA,NABARANGAPUR,2504.0,2504.0,0,2150.0,1.6,2023-24,HCES 2023-24 district fractile summary (GitHub/MoSPI)
MADHYA PRADESH,JHABUA,2503.0,2503.0,0,2268.0,1.6,2023-24,HCES 2023-24 district fractile summary (GitHub/MoSPI)
JHARKHAND,GUMLA,2483.0,2483.0,0,1848.0,1.5,2023-24,HCES 2023-24 district fractile summary (GitHub/MoSPI)
MADHYA PRADESH,MANDLA,2252.0,2252.0,0,2002.0,0.0,2023-24,HCES 2023-24 district fractile summary (GitHub/MoSPI)
